[
  {
    "ID": 0,
    "Name": "Cotton Candy",
    "DisplayName": "Permen Kapas",
    "Description": "Permen halus besar dari gula yang diputar-putar.",
    "Price": 50,
    "ItemTags": [
      "Sweet",
      "Candy"
    ]
  },
  {
    "ID": 1,
    "Name": "Jasmine Tea",
    "DisplayName": "Teh Melati",
    "Description": "Teh hijau dengan rasa dan aroma melati.",
    "Price": 50,
    "ItemTags": [
      "Drink",
      "Hot",
      "Healthy"
    ]
  },
  {
    "ID": 2,
    "Name": "Joja Cola",
    "DisplayName": "Joja Cola",
    "Description": "Segelas besar minuman bersoda khas Joja.",
    "Price": 40,
    "ItemTags": [
      "Drink",
      "Cold",
      "Joja"
    ]
  },
  {
    "ID": 3,
    "Name": "Sour Slimes",
    "DisplayName": "Sour Slimes",
    "Description": "Permen kenyal kecil-kecil dengan banyak warna. Ditaburi dengan bubuk yang ekstra masam.",
    "Price": 80,
    "ItemTags": [
      "Sour",
      "Candy"
    ]
  },
  {
    "ID": 4,
    "Name": "Personal Pizza",
    "DisplayName": "Pizza Personal",
    "Description": "Sebuah pizza kecil seukuran camilan.",
    "Price": 150,
    "ItemTags": [
      "Hot",
      "Fatty"
    ]
  },
  {
    "ID": 5,
    "Name": "Nachos",
    "DisplayName": "Nachos",
    "Description": "Lelehan keju dan bumbu di atas kripik tortilla hangat.",
    "Price": 100,
    "ItemTags": [
      "Hot",
      "Salty",
      "Fatty"
    ]
  },
  {
    "ID": 6,
    "Name": "Salmon Burger",
    "DisplayName": "Burger Salmon",
    "Description": "Seiris daging salmon tebal di antara roti wijen yang dipanggang ringan.",
    "Price": 150,
    "ItemTags": [
      "Sandwich",
      "Burger"
    ]
  },
  {
    "ID": 7,
    "Name": "Ice Cream Sandwich",
    "DisplayName": "Es Krim Sandwich",
    "Description": "Es krim vanilla yang diapit dengan dua kukis coklat.",
    "Price": 150,
    "ItemTags": [
      "Sandwich",
      "Sweet",
      "Cold"
    ]
  },
  {
    "ID": 8,
    "Name": "Popcorn",
    "DisplayName": "Popcorn",
    "Description": "Biji jagung yang meletup, digarami dan dimasak dengan mentega.",
    "Price": 120,
    "ItemTags": [
      "Hot",
      "Salty"
    ]
  },
  {
    "ID": 9,
    "Name": "Fries",
    "DisplayName": "Fries",
    "Description": "Kentang diris tipis, lalu digoreng dan digarami.",
    "Price": 100,
    "ItemTags": [
      "Hot",
      "Salty",
      "Fatty"
    ]
  },
  {
    "ID": 10,
    "Name": "Chocolate Popcorn",
    "DisplayName": "Popcorn Cokelat",
    "Description": "Sama seperti popcorn biasa... tapi dengan lapisan coklat.",
    "Price": 130,
    "ItemTags": [
      "Hot",
      "Sweet"
    ]
  },
  {
    "ID": 11,
    "Name": "Black Licorice",
    "DisplayName": "Black Licorice",
    "Description": "Permen kunyah dengan rasa pedas.",
    "Price": 25,
    "ItemTags": null
  },
  {
    "ID": 12,
    "Name": "Star Cookie",
    "DisplayName": "Kukis Bintang",
    "Description": "Kukis berbentuk bintang yang ditaburi meses pelangi.",
    "Price": 150,
    "ItemTags": [
      "Sweet"
    ]
  },
  {
    "ID": 13,
    "Name": "Jawbreaker",
    "DisplayName": "Jawbreaker",
    "Description": "Permen keras dan besar, awet diemut sepanjang film!",
    "Price": 250,
    "ItemTags": [
      "Sweet",
      "Candy"
    ]
  },
  {
    "ID": 14,
    "Name": "Salted Peanuts",
    "DisplayName": "Kacang Asin",
    "Description": "Kudapan asin klasik.",
    "Price": 120,
    "ItemTags": [
      "Salty"
    ]
  },
  {
    "ID": 15,
    "Name": "Hummus Snack Pack",
    "DisplayName": "Paket Jajan Hummus",
    "Description": "Menyehatkan dan renyah.",
    "Price": 90,
    "ItemTags": [
      "Healthy"
    ]
  },
  {
    "ID": 16,
    "Name": "Kale Smoothie",
    "DisplayName": "Jus Kale",
    "Description": "Minuman ini banyak serat dan vitamin.",
    "Price": 120,
    "ItemTags": [
      "Drink",
      "Healthy"
    ]
  },
  {
    "ID": 17,
    "Name": "Apple Slices",
    "DisplayName": "Potongan Apel",
    "Description": "Potongan apel kecil yang manis.",
    "Price": 100,
    "ItemTags": [
      "Sweet",
      "Healthy"
    ]
  },
  {
    "ID": 18,
    "Name": "Panzanella Salad",
    "DisplayName": "Salad Panzanella",
    "Description": "Salad musim panas dari roti dan tomat.",
    "Price": 200,
    "ItemTags": [
      "Gourmet",
      "Healthy"
    ]
  },
  {
    "ID": 19,
    "Name": "Truffle Popcorn",
    "DisplayName": "Popcorn Truffle",
    "Description": "Popcorn yang ditaburi dengan garam truffle.",
    "Price": 180,
    "ItemTags": [
      "Gourmet",
      "Salty"
    ]
  },
  {
    "ID": 20,
    "Name": "Cappuccino Mousse Cake",
    "DisplayName": "Kue Mousse Cappuccino",
    "Description": "Kue coklat yang dilapisi dengan mousse cappuccino.",
    "Price": 220,
    "ItemTags": [
      "Sweet",
      "Gourmet"
    ]
  },
  {
    "ID": 21,
    "Name": "JojaCorn",
    "DisplayName": "JojaCorn",
    "Description": "Hidangan jagung yang dipatenkan Joja, dibanjiri dengan \"saus m'entega\".",
    "Price": 10,
    "ItemTags": [
      "Joja"
    ]
  },
  {
    "ID": 22,
    "Name": "Stardrop Sorbet",
    "DisplayName": "Sorbet Stardrop",
    "Description": "Setetes sari Stardrop mengubah sorbet ini jadi kudapan luar biasa.",
    "Price": 1250,
    "ItemTags": [
      "Sweet",
      "Gourmet"
    ]
  },
  {
    "ID": 23,
    "Name": "Rock Candy",
    "DisplayName": "Permen Batu",
    "Description": "Kristal gula berbagai rasa yang menempel pada tusuk kayu.",
    "Price": 90,
    "ItemTags": [
      "Sweet",
      "Candy"
    ]
  }
]