{
  "spring_movie_0": {
    "ID": null,
    "SheetIndex": 0,
    "Title": "The Brave Little Sapling",
    "Description": "Sebuah film komedi keluarga tentang tunas kecil dalam petualangan ajaibnya untuk menjadi pohon!",
    "Tags": [
      "family",
      "comedy"
    ],
    "Scenes": [
      {
        "Image": 0,
        "Music": "sweet",
        "Sound": "",
        "MessageDelay": 1000,
        "Script": "",
        "Text": "Tunas Kecil Pemberani",
        "Shake": false,
        "ResponsePoint": null,
        "ID": "spring0_0"
      },
      {
        "Image": 1,
        "Music": "",
        "Sound": "",
        "MessageDelay": 500,
        "Script": "",
        "Text": "Tunas kecil pemberani berangkat meninggalkan rumahnya. Dia sejenak ragu namun terus berjalan, meski dia tahu takkan kembali dalam waktu lama...",
        "Shake": false,
        "ResponsePoint": null,
        "ID": "spring0_1"
      },
      {
        "Image": 6,
        "Music": "",
        "Sound": "",
        "MessageDelay": 500,
        "Script": "/playSound dustMeep/pause 200/playSound dustMeep/pause 300/playSound dustMeep/pause 100/playSound dustMeep/pause 200/playSound dustMeep",
        "Text": "Tunas-tunas lain dari hutannya berkumpul di tepi kota, melambaikan ranting mereka sebagai bentuk perpisahan...!",
        "Shake": false,
        "ResponsePoint": "sprout_leave",
        "ID": "spring0_2"
      },
      {
        "Image": 2,
        "Music": "rain",
        "Sound": "",
        "MessageDelay": 500,
        "Script": "",
        "Text": "Oh tidak! Tiba-tiba hujan deras turun...! Si tunas kecil berlari sekuat tenaga selagi langit bergemuruh...",
        "Shake": false,
        "ResponsePoint": "",
        "ID": "spring0_3"
      },
      {
        "Image": 3,
        "Music": "",
        "Sound": "thunder",
        "MessageDelay": 1000,
        "Script": "",
        "Text": "Karena takut akan hujan deras, si tunas kecil mulai kehilangan harapan...",
        "Shake": false,
        "ResponsePoint": "",
        "ID": "spring0_4"
      },
      {
        "Image": 4,
        "Music": "echos",
        "Sound": "",
        "MessageDelay": 500,
        "Script": "",
        "Text": "...Tapi apa yang terjadi...? Si tunas merasa geli di ujung kepalanya... ",
        "Shake": false,
        "ResponsePoint": null,
        "ID": "spring0_5"
      },
      {
        "Image": 5,
        "Music": "",
        "Sound": "",
        "MessageDelay": 500,
        "Script": "/playSound coin/pause 1000/message \"Mungkin dibutuhkan sedikit hujan untuk memulai perjalanan menjadi sebatang pohon!\"",
        "Text": "",
        "Shake": false,
        "ResponsePoint": "",
        "ID": "spring0_6"
      },
      {
        "Image": 7,
        "Music": "",
        "Sound": "",
        "MessageDelay": 2000,
        "Script": "",
        "Text": "Selamat tinggal, teman kecil!",
        "Shake": false,
        "ResponsePoint": null,
        "ID": "spring0_7"
      }
    ]
  },
  "fall_movie_0": {
    "ID": null,
    "SheetIndex": 1,
    "Title": "Mysterium",
    "Description": "Mengintip di balik selubung malam... Kau harus melihat langsung agar percaya!",
    "Tags": [
      "horror",
      "art"
    ],
    "Scenes": [
      {
        "Image": 0,
        "Music": "Lava_Ambient",
        "Sound": "",
        "MessageDelay": 500,
        "Script": "/pause 4000",
        "Text": "'Mysterium'",
        "Shake": false,
        "ResponsePoint": null,
        "ID": "fall0_0"
      },
      {
        "Image": 1,
        "Music": "",
        "Sound": "",
        "MessageDelay": 500,
        "Script": "/pause 1500",
        "Text": "Sebuah siluet samar terlihat di kegelapan...",
        "Shake": false,
        "ResponsePoint": null,
        "ID": "fall0_1"
      },
      {
        "Image": -1,
        "Music": "",
        "Sound": "",
        "MessageDelay": 500,
        "Script": "/specificTemporarySprite movieFrame 1 2 1000/playSound batScreech",
        "Text": "",
        "Shake": false,
        "ResponsePoint": "",
        "ID": "fall0_2"
      },
      {
        "Image": 1,
        "Music": "",
        "Sound": "",
        "MessageDelay": 500,
        "Script": "",
        "Text": "",
        "Shake": false,
        "ResponsePoint": null,
        "ID": "fall0_3"
      },
      {
        "Image": 3,
        "Music": "",
        "Sound": "",
        "MessageDelay": 500,
        "Script": "",
        "Text": "Ruang yang hampa nan sunyi... di mana kengerian menanti.",
        "Shake": false,
        "ResponsePoint": null,
        "ID": "fall0_4"
      },
      {
        "Image": 3,
        "Music": "",
        "Sound": "",
        "MessageDelay": 500,
        "Script": "/specificTemporarySprite movieFrame 1 4 400/playSound serpentHit/pause 2000/specificTemporarySprite movieFrame 1 4 150/playSound shadowHit/pause 300/specificTemporarySprite movieFrame 1 4 400/playSound serpentDie",
        "Text": "",
        "Shake": false,
        "ResponsePoint": "",
        "ID": "fall0_5"
      },
      {
        "Image": -1,
        "Music": "spring_night_ambient",
        "Sound": "",
        "MessageDelay": 500,
        "Script": "/specificTemporarySprite movieFrame 7 7 80/pause 50/specificTemporarySprite movieFrame 7 8 80/pause 50/specificTemporarySprite movieFrame 7 9 80/pause 50/specificTemporarySprite movieFrame 7 7 80/pause 50/specificTemporarySprite movieFrame 7 8 80/pause 50/specificTemporarySprite movieFrame 7 9 80/pause 50/specificTemporarySprite movieFrame 7 7 80/pause 50/specificTemporarySprite movieFrame 7 8 80/pause 50/specificTemporarySprite movieFrame 7 9 80/pause 50/specificTemporarySprite movieFrame 7 7 80/pause 50/specificTemporarySprite movieFrame 7 8 80/pause 50/specificTemporarySprite movieFrame 7 9 80/pause 50/specificTemporarySprite movieTheater_screen 1 6 false/pause 3000",
        "Text": "",
        "Shake": false,
        "ResponsePoint": null,
        "ID": "fall0_6"
      },
      {
        "Image": 7,
        "Music": "",
        "Sound": "",
        "MessageDelay": 500,
        "Script": "/pause 3000",
        "Text": "Bermacam kilasan dari alam lain berputar...",
        "Shake": false,
        "ResponsePoint": "",
        "ID": "fall0_7"
      },
      {
        "Image": 8,
        "Music": "spirits_eve",
        "Sound": "",
        "MessageDelay": 500,
        "Script": "/playSound skeletonDie/pause 6000",
        "Text": "",
        "Shake": true,
        "ResponsePoint": null,
        "ID": "fall0_8"
      },
      {
        "Image": 9,
        "Music": "",
        "Sound": "",
        "MessageDelay": 500,
        "Script": "/playSound shadowpeep",
        "Text": "'Kau HARUS mengajak temanmu nonton MYSTERIUM malam ini...'",
        "Shake": false,
        "ResponsePoint": null,
        "ID": "fall0_9"
      },
      {
        "Image": 9,
        "Music": "",
        "Sound": "",
        "MessageDelay": 500,
        "Script": "/playSound shadowDie",
        "Text": "'...Atau kuhampiri dalam tidurmu!'",
        "Shake": true,
        "ResponsePoint": "mysterium_shadow",
        "ID": "fall0_10"
      }
    ]
  },
  "summer_movie_0": {
    "ID": null,
    "SheetIndex": 2,
    "Title": "Journey Of The Prairie King: The Motion Picture",
    "Description": "Video gim kesayangan sekarang hadir dalam layar lebar!",
    "Tags": [
      "action"
    ],
    "Scenes": [
      {
        "Image": 0,
        "Music": "Cowboy_OVERWORLD",
        "Sound": "",
        "MessageDelay": 500,
        "Script": "/pause 4000",
        "Text": "'Perjalanan Raja Prairi: Layar Lebar'",
        "Shake": false,
        "ResponsePoint": null,
        "ID": "summer0_0"
      },
      {
        "Image": 1,
        "Music": "",
        "Sound": "",
        "MessageDelay": 500,
        "Script": "",
        "Text": "Kembali di jalanan kecil berdebu, kita melihat Raja Prairi mengawasi kereta kuda yang penuh harta karun.",
        "Shake": false,
        "ResponsePoint": null,
        "ID": "summer0_1"
      },
      {
        "Image": 2,
        "Music": "",
        "Sound": "",
        "MessageDelay": 500,
        "Script": "",
        "Text": "Tetapi, tanpa diketahui pahlawan kita, ada penjahat yang mengawasi dari bukit sekitar...",
        "Shake": false,
        "ResponsePoint": null,
        "ID": "summer0_2"
      },
      {
        "Image": 3,
        "Music": "cowboy_outlawsong",
        "Sound": "",
        "MessageDelay": 500,
        "Script": "",
        "Text": "'Akhirnya, aku bisa menyingkirkan sheriff itu dan merampas harta karunnya... Aku pantas mendapatkannya!'",
        "Shake": false,
        "ResponsePoint": "PK_villain",
        "ID": "summer0_3"
      },
      {
        "Image": 4,
        "Music": "",
        "Sound": "",
        "MessageDelay": 500,
        "Script": "/pause 400/playSound thunder_small",
        "Text": "'Ups! Sepertinya tanah longsornya mengarah ke kereta kuda.'",
        "Shake": false,
        "ResponsePoint": null,
        "ID": "summer0_4"
      },
      {
        "Image": 5,
        "Music": "",
        "Sound": "",
        "MessageDelay": 500,
        "Script": "",
        "Text": "Raja Prairie mendengar gemuruh dari kejauhan... Lihat!",
        "Shake": false,
        "ResponsePoint": "",
        "ID": "summer0_5"
      },
      {
        "Image": 6,
        "Music": "",
        "Sound": "",
        "MessageDelay": 500,
        "Script": "/pause 1000/message \"Dengan berpikir cepat, ia menembakkan pistolnya.\"/pause 500/playSound cowboy_gunload/pause 500/playSound Cowboy_monsterDie/pause 500",
        "Text": "",
        "Shake": false,
        "ResponsePoint": null,
        "ID": "summer0_6"
      },
      {
        "Image": 7,
        "Music": "",
        "Sound": "",
        "MessageDelay": 500,
        "Script": "/pause 200/playSound cowboy_explosion/pause 1000/message \"Tapi apa ini? Air berhamburan kemana-mana!\"",
        "Text": "",
        "Shake": false,
        "ResponsePoint": null,
        "ID": "summer0_7"
      },
      {
        "Image": 8,
        "Music": "none",
        "Sound": "",
        "MessageDelay": 500,
        "Script": "/pause 500/playSound slimeHit/pause 400/playSound slimeHit/pause 400/playSound slimeHit/pause 400/playSound slimeHit/pause 400",
        "Text": "Lagi-lagi dia berhasil! Lumpur yang tebal berhasil menghentikan tanah longsor.",
        "Shake": false,
        "ResponsePoint": "",
        "ID": "summer0_8"
      },
      {
        "Image": 1,
        "Music": "",
        "Sound": "Cowboy_Secret",
        "MessageDelay": 500,
        "Script": "",
        "Text": "Dan kereta kuda selamat.",
        "Shake": false,
        "ResponsePoint": null,
        "ID": "summer0_9"
      },
      {
        "Image": 9,
        "Music": "Cowboy_singing",
        "Sound": "",
        "MessageDelay": 500,
        "Script": "",
        "Text": "Tamat.",
        "Shake": false,
        "ResponsePoint": "",
        "ID": "summer0_10"
      }
    ]
  },
  "summer_movie_1": {
    "ID": null,
    "SheetIndex": 3,
    "Title": "Wumbus",
    "Description": "Sebuah film komedi sains fiksi absurd berkisah tentang kehidupan mahluk bergumpal dari bintang lain.",
    "Tags": [
      "sci-fi",
      "comedy",
      "family"
    ],
    "Scenes": [
      {
        "Image": 0,
        "Music": "movie_wumbus",
        "Sound": "",
        "MessageDelay": 500,
        "Script": "",
        "Text": "'Wumbus'",
        "Shake": false,
        "ResponsePoint": null,
        "ID": "summer1_0"
      },
      {
        "Image": 1,
        "Music": "",
        "Sound": "",
        "MessageDelay": 500,
        "Script": "",
        "Text": "Wumbus, yang selalu rileks, menikmati hangat matahari planetnya.",
        "Shake": false,
        "ResponsePoint": null,
        "ID": "summer1_1"
      },
      {
        "Image": 2,
        "Music": "",
        "Sound": "",
        "MessageDelay": 500,
        "Script": "",
        "Text": "Pelayan setianya, FoodBot, terus menyajikan gorengan kenyal dan 'saus merah'.",
        "Shake": false,
        "ResponsePoint": "",
        "ID": "summer1_2"
      },
      {
        "Image": 3,
        "Music": "",
        "Sound": "",
        "MessageDelay": 500,
        "Script": "",
        "Text": "Wumbus membujuk keponakannya, Rossel, agar tertarik dengan kultur dan duduk perkara di sistem bintang, tetapi Rossel tidak terkesan.",
        "Shake": false,
        "ResponsePoint": "",
        "ID": "summer1_3"
      },
      {
        "Image": 7,
        "Music": "",
        "Sound": "",
        "MessageDelay": 500,
        "Script": "",
        "Text": "'Pshhaw!'",
        "Shake": false,
        "ResponsePoint": null,
        "ID": "summer1_4"
      },
      {
        "Image": 4,
        "Music": "",
        "Sound": "",
        "MessageDelay": 500,
        "Script": "",
        "Text": "Filmnya menceritakan humor dalam kehidupan sehari-hari Wumbus di dunia anehnya, dunia dimana teknologi dan peradaban sudah berkempang pesat ke tahap ekstrim.",
        "Shake": false,
        "ResponsePoint": "",
        "ID": "summer1_5"
      },
      {
        "Image": 5,
        "Music": "",
        "Sound": "",
        "MessageDelay": 500,
        "Script": "/pause 800/playSound phone/pause 300",
        "Text": "Banyak adegan yang menceritakan humor dalam absurdnya gaya hidup modern.",
        "Shake": false,
        "ResponsePoint": null,
        "ID": "summer1_6"
      },
      {
        "Image": 6,
        "Music": "",
        "Sound": "",
        "MessageDelay": 500,
        "Script": "",
        "Text": "Tetapi, meski pilihan hiburan di sana tak terbatas, Wumbus dan teman-temannya masih suka berkumpul untuk menikmati kelezatan 'pizza' (yang dibuat dari 100% bahan kenyal).",
        "Shake": false,
        "ResponsePoint": "",
        "ID": "summer1_7"
      }
    ]
  },
  "winter_movie_1": {
    "ID": null,
    "SheetIndex": 4,
    "Title": "The Zuzu City Express",
    "Description": "Film klasik kesayangan, yang diperbarui untuk layar lebar modern.",
    "Tags": [
      "classic",
      "romance"
    ],
    "Scenes": [
      {
        "Image": 0,
        "Music": "movie_classic",
        "Sound": "",
        "MessageDelay": 500,
        "Script": "",
        "Text": "'Kereta Api Express Kota Zuzu'",
        "Shake": false,
        "ResponsePoint": null,
        "ID": "winter1_0"
      },
      {
        "Image": 1,
        "Music": "",
        "Sound": "",
        "MessageDelay": 500,
        "Script": "/pause 800/playSound trainWhistle/pause 300",
        "Text": "Kereta Api Express Kota Zuzu berangkat dari pesisir bersalju dalam perjalanan terakhirnya menuju selatan... yang lamanya tiga hari!",
        "Shake": false,
        "ResponsePoint": "",
        "ID": "winter1_1"
      },
      {
        "Image": 2,
        "Music": "",
        "Sound": "",
        "MessageDelay": 500,
        "Script": "",
        "Text": "Seorang gadis memandang sayu ke luar jendela.",
        "Shake": false,
        "ResponsePoint": "",
        "ID": "winter1_2"
      },
      {
        "Image": 3,
        "Music": "",
        "Sound": "",
        "MessageDelay": 500,
        "Script": "/pause 800/playSound doorCreak/pause 2000",
        "Text": "",
        "Shake": false,
        "ResponsePoint": null,
        "ID": "winter1_3"
      },
      {
        "Image": 4,
        "Music": "",
        "Sound": "",
        "MessageDelay": 500,
        "Script": "/pause 2000",
        "Text": "",
        "Shake": false,
        "ResponsePoint": "guyEnters",
        "ID": "winter1_4"
      },
      {
        "Image": 5,
        "Music": "",
        "Sound": "",
        "MessageDelay": 500,
        "Script": "",
        "Text": "Filmnya menceritakan tema klasik sepanjang masa... yaitu pergulatan antara akal dan batin.",
        "Shake": false,
        "ResponsePoint": null,
        "ID": "winter1_5"
      },
      {
        "Image": 6,
        "Music": "",
        "Sound": "",
        "MessageDelay": 500,
        "Script": "",
        "Text": "Akankah gadis tersebut mengikuti akalnya, atau kata hatinya?",
        "Shake": false,
        "ResponsePoint": "zuzucityexpress_mind_heart",
        "ID": "winter1_6"
      },
      {
        "Image": 1,
        "Music": "",
        "Sound": "",
        "MessageDelay": 500,
        "Script": "",
        "Text": "Filmnya berakhir sebelum kita menemukan jawabannya...",
        "Shake": false,
        "ResponsePoint": null,
        "ID": "winter1_7"
      }
    ]
  },
  "winter_movie_0": {
    "ID": null,
    "SheetIndex": 5,
    "Title": "The Miracle At Coldstar Ranch",
    "Description": "Melawan semua keganjilan, sebuah keluarga berusaha mempertahankan semangat Winter Star...",
    "Tags": [
      "family",
      "classic"
    ],
    "Scenes": [
      {
        "Image": 0,
        "Music": "winter1",
        "Sound": "",
        "MessageDelay": 500,
        "Script": "",
        "Text": "'Keajaiban di Peternakan Coldstar'",
        "Shake": false,
        "ResponsePoint": null,
        "ID": "winter0_0"
      },
      {
        "Image": 1,
        "Music": "",
        "Sound": "",
        "MessageDelay": 500,
        "Script": "",
        "Text": "Malam ini adalah malam Winter Star, dan salju masih turun sejak 3 minggu yang lalu.",
        "Shake": false,
        "ResponsePoint": null,
        "ID": "winter0_1"
      },
      {
        "Image": 2,
        "Music": "",
        "Sound": "",
        "MessageDelay": 500,
        "Script": "",
        "Text": "Keluarga Coldstar terjebak... mustahil untuk pergi ke kota. Untungnya, persediaan jerami mereka cukup untuk makan sapi.",
        "Shake": false,
        "ResponsePoint": null,
        "ID": "winter0_2"
      },
      {
        "Image": 2,
        "Music": "",
        "Sound": "",
        "MessageDelay": 500,
        "Script": "/pause 200/playSound cow/pause 500",
        "Text": "",
        "Shake": false,
        "ResponsePoint": null,
        "ID": "winter0_3"
      },
      {
        "Image": 3,
        "Music": "",
        "Sound": "",
        "MessageDelay": 500,
        "Script": "",
        "Text": "...Tetapi keluarga tersebut sudah kehabisan makanan.",
        "Shake": false,
        "ResponsePoint": null,
        "ID": "winter0_4"
      },
      {
        "Image": 3,
        "Music": "",
        "Sound": "",
        "MessageDelay": 500,
        "Script": "/pause 500/playSound croak/pause 500",
        "Text": "",
        "Shake": false,
        "ResponsePoint": "",
        "ID": "winter0_5"
      },
      {
        "Image": 4,
        "Music": "",
        "Sound": "",
        "MessageDelay": 500,
        "Script": "",
        "Text": "Meski begitu, Papa Coldstar memberanikan diri menerobos salju dan menebang pohon untuk winter star...",
        "Shake": false,
        "ResponsePoint": null,
        "ID": "winter0_6"
      },
      {
        "Image": 4,
        "Music": "",
        "Sound": "",
        "MessageDelay": 500,
        "Script": "/pause 300/playSound axe/pause 400/playSound axchop/pause 400/playSound axchop/pause 800/playSound treethud/pause 300",
        "Text": "",
        "Shake": false,
        "ResponsePoint": "",
        "ID": "winter0_7"
      },
      {
        "Image": 5,
        "Music": "",
        "Sound": "",
        "MessageDelay": 500,
        "Script": "",
        "Text": "Meski sedang kelaparan, keluarga tersebut mendekorasi pohon, demi mempertahankan semangat Winter Star.",
        "Shake": false,
        "ResponsePoint": "",
        "ID": "winter0_8"
      },
      {
        "Image": 6,
        "Music": "",
        "Sound": "",
        "MessageDelay": 500,
        "Script": "/pause 1000",
        "Text": "",
        "Shake": false,
        "ResponsePoint": null,
        "ID": "winter0_9"
      },
      {
        "Image": 6,
        "Music": "",
        "Sound": "",
        "MessageDelay": 500,
        "Script": "",
        "Text": "Pada malam itu, sebuah fenomena ganjil terjadi...",
        "Shake": false,
        "ResponsePoint": null,
        "ID": "winter0_10"
      },
      {
        "Image": 7,
        "Music": "",
        "Sound": "",
        "MessageDelay": 500,
        "Script": "/pause 1000/specificTemporarySprite coldstarMiracle/pause 500/playSound discoverMineral/pause 3000/message \"Keesokan harinya, Mama Coldstar keheranan melihat pohonnya dihiasi buah kosmik.\"/pause 500/message \"'Kami percaya pada Winter Star, dan karenanya kami diingat!'\"",
        "Text": "",
        "Shake": false,
        "ResponsePoint": null,
        "ID": "winter0_11"
      },
      {
        "Image": 8,
        "Music": "",
        "Sound": "",
        "MessageDelay": 500,
        "Script": "/specificTemporarySprite removeSprite 989",
        "Text": "Mereka semua saling berbagi buah Stardrop. Meski buahnya kecil, tapi itu adalah makanan paling lezat dan mengenyangkan yang pernah mereka makan.",
        "Shake": false,
        "ResponsePoint": null,
        "ID": "winter0_12"
      },
      {
        "Image": 8,
        "Music": "",
        "Sound": "",
        "MessageDelay": 500,
        "Script": "",
        "Text": "Keluarga tersebut selamat, dan semangat akan harapan tetap terjaga baik. Sekali lagi janji Winter Star telah ditepati...",
        "Shake": false,
        "ResponsePoint": "",
        "ID": "winter0_13"
      }
    ]
  },
  "spring_movie_1": {
    "ID": null,
    "SheetIndex": 6,
    "Title": "Natural Wonders: Exploring Our Vibrant World",
    "Description": "Berkeliling di Republik Ferngill... mulai dari Kepulauan Fern sampai Kota Zuzu, dunia ini dipenuhi makhluk hidup!",
    "Tags": [
      "documentary",
      "family"
    ],
    "Scenes": [
      {
        "Image": 0,
        "Music": "movie_nature",
        "Sound": "",
        "MessageDelay": 500,
        "Script": "",
        "Text": "'Keajaiban Alam: Menjelajahi Dunia Kita yang Penuh Warna'",
        "Shake": false,
        "ResponsePoint": null,
        "ID": "spring1_0"
      },
      {
        "Image": 1,
        "Music": "",
        "Sound": "",
        "MessageDelay": 500,
        "Script": "",
        "Text": "Kepulauan Fern, sebuah surga tropis berjarak 130 km dari pesisir selatan. Kepulauan ini terbentuk karena aktivitas vulkanik sekitar, dan masih aktif sampai sekarang...",
        "Shake": false,
        "ResponsePoint": "",
        "ID": "spring1_1"
      },
      {
        "Image": 2,
        "Music": "",
        "Sound": "",
        "MessageDelay": 500,
        "Script": "",
        "Text": "Iklim hangat lautan selatan mengundang banyak keanekaragaman hewani... singkatnya, kepulauan ini dipenuhi berbagai jenis makhluk hidup!",
        "Shake": false,
        "ResponsePoint": null,
        "ID": "spring1_2"
      },
      {
        "Image": 3,
        "Music": "",
        "Sound": "",
        "MessageDelay": 500,
        "Script": "",
        "Text": "Sekarang kita ke utara menuju ke Kota Zuzu yang sibuk. Kota dari beton dan baja, yang diterangi cahaya lampu kota.",
        "Shake": false,
        "ResponsePoint": null,
        "ID": "spring1_3"
      },
      {
        "Image": 4,
        "Music": "",
        "Sound": "",
        "MessageDelay": 500,
        "Script": "",
        "Text": "Kondisi disini memang keras, tapi, kita masih bisa menemukan sejumlah makhluk hidup...",
        "Shake": false,
        "ResponsePoint": "",
        "ID": "spring1_4"
      },
      {
        "Image": 5,
        "Music": "",
        "Sound": "",
        "MessageDelay": 500,
        "Script": "",
        "Text": "Jauh di barat, sendirian di tengah-tengah luasnya Laut Permata, ada Pulau Prairie. Tanah ini merupakan rumah dari berbagai jenis bioma alam.",
        "Shake": false,
        "ResponsePoint": null,
        "ID": "spring1_5"
      },
      {
        "Image": 6,
        "Music": "",
        "Sound": "",
        "MessageDelay": 500,
        "Script": "",
        "Text": "Pulau tersebut terkenal akan populasi rakunnya yang berlimpah!",
        "Shake": false,
        "ResponsePoint": "",
        "ID": "spring1_6"
      },
      {
        "Image": 7,
        "Music": "",
        "Sound": "",
        "MessageDelay": 500,
        "Script": "",
        "Text": "Akhirnya, kita kembali ke pulau utama, untuk mengunjungi salah satu daerah paling elok di benua ini... Stardew Valley.",
        "Shake": false,
        "ResponsePoint": null,
        "ID": "spring1_7"
      },
      {
        "Image": 8,
        "Music": "",
        "Sound": "",
        "MessageDelay": 500,
        "Script": "",
        "Text": "Iklim sedang di lembah ini sempurna untuk dihuni berbagai jenis serangga dan binatang hutan. Sungguh tempat yang indah!",
        "Shake": false,
        "ResponsePoint": "",
        "ID": "spring1_8"
      }
    ]
  },
  "fall_movie_1": {
    "ID": null,
    "SheetIndex": 7,
    "Title": "It Howls In The Rain",
    "Description": "Sekelompok pemuda berkelana mencari sumber suara misterius. (Harap Tonton Dengan Ijin Orang Tua)",
    "Tags": [
      "horror"
    ],
    "Scenes": [
      {
        "Image": 0,
        "Music": "Upper_Ambient",
        "Sound": "",
        "MessageDelay": 500,
        "Script": "/pause 1000/playSound cavedrip/pause 1000/playSound cavedrip/spriteText 7 \"Lolongan Di Tengah Hujan \"",
        "Text": "",
        "Shake": false,
        "ResponsePoint": null,
        "ID": "fall1_0"
      },
      {
        "Image": 1,
        "Music": "",
        "Sound": "",
        "MessageDelay": 500,
        "Script": "",
        "Text": "'Rekaman berikut diambil dari alat perekam yang ditelantarkan 40km di selatan Grampleton'",
        "Shake": false,
        "ResponsePoint": "",
        "ID": "fall1_1"
      },
      {
        "Image": 2,
        "Music": "rain",
        "Sound": "",
        "MessageDelay": 500,
        "Script": "/specificTemporarySprite movieFrame 7 7 80/pause 50/specificTemporarySprite movieFrame 7 8 80/pause 50/specificTemporarySprite movieFrame 7 9 80/pause 50/pause 2000/playSound rainsound/pause 1000",
        "Text": "'Kau dengar itu? Kurasa suaranya berasal dari hutan... Ayo...'",
        "Shake": false,
        "ResponsePoint": null,
        "ID": "fall1_2"
      },
      {
        "Image": 3,
        "Music": "",
        "Sound": "",
        "MessageDelay": 500,
        "Script": "/pause 1000/message \"'(Nafas Berat)... Lihat!'\"/playSound leafrustle/specificTemporarySprite woodswalker/pause 1000/playSound rainsound/pause 5000",
        "Text": "",
        "Shake": false,
        "ResponsePoint": "",
        "ID": "fall1_3"
      },
      {
        "Image": 4,
        "Music": "",
        "Sound": "",
        "MessageDelay": 500,
        "Script": "/pause 500/playSound leafrustle/pause 500/playSound leafrustle/pause 400/playSound leafrustle/pause 500/playSound rainsound",
        "Text": "(Kamera bergerak cepat ke arah hutan)",
        "Shake": true,
        "ResponsePoint": null,
        "ID": "fall1_4"
      },
      {
        "Image": 4,
        "Music": "",
        "Sound": "",
        "MessageDelay": 500,
        "Script": "/specificTemporarySprite movieFrame 7 5 1700/playSound batScreech/spriteText 4 \"Agh! \"/pause 20",
        "Text": "'Oh, ternyata kamu, Gary... *terengah-engah*... Lepaskan tanganku!'",
        "Shake": true,
        "ResponsePoint": "",
        "ID": "fall1_5"
      },
      {
        "Image": 6,
        "Music": "",
        "Sound": "",
        "MessageDelay": 500,
        "Script": "/specificTemporarySprite movieBush/pause 2000/specificTemporarySprite shakeBush/playSound leafrustle/pause 700/specificTemporarySprite shakeBushStop/pause 900/specificTemporarySprite shakeBush/playSound leafrustle/pause 700/specificTemporarySprite shakeBushStop/pause 900/message \"'Lihat! Di semak-semak...'\"/pause 2000",
        "Text": "",
        "Shake": false,
        "ResponsePoint": null,
        "ID": "fall1_6"
      },
      {
        "Image": 6,
        "Music": "",
        "Sound": "",
        "MessageDelay": 500,
        "Script": "/specificTemporarySprite shakeBush/playSound leafrustle/specificTemporarySprite evilRabbit/playSound dustMeep/specificTemporarySprite shakeBushStop/spriteText 4 \"Aiii! \"/pause 500/spriteText 4 \"Oh... \"/pause 500/playSound rainsound/specificTemporarySprite movieFrame 7 7 500/specificTemporarySprite removeSprite 777/specificTemporarySprite removeSprite 778",
        "Text": "",
        "Shake": false,
        "ResponsePoint": null,
        "ID": "fall1_7"
      },
      {
        "Image": 7,
        "Music": "",
        "Sound": "",
        "MessageDelay": 500,
        "Script": "/pause 50/specificTemporarySprite movieFrame 7 8 80/pause 50/specificTemporarySprite movieFrame 7 9 80/pause 50/specificTemporarySprite movieFrame 7 7 80/pause 50/specificTemporarySprite movieFrame 7 8 80/pause 50/specificTemporarySprite movieFrame 7 9 80/pause 50/specificTemporarySprite movieFrame 7 7 80/pause 50/specificTemporarySprite movieFrame 7 8 80/pause 50/specificTemporarySprite movieFrame 7 9 80/pause 50/pause 50/specificTemporarySprite movieFrame 7 8 80/pause 50/specificTemporarySprite movieFrame 7 9 80/pause 50/specificTemporarySprite movieFrame 7 7 80/pause 50/specificTemporarySprite movieFrame 7 8 80/pause 50/specificTemporarySprite movieFrame 7 9 80/pause 50/specificTemporarySprite movieFrame 7 7 80/pause 50/specificTemporarySprite movieFrame 7 8 80/pause 50/specificTemporarySprite movieFrame 7 9 80/pause 50/pause 50/specificTemporarySprite movieFrame 7 8 80/pause 50/specificTemporarySprite movieFrame 7 9 80/pause 50/specificTemporarySprite movieFrame 7 7 80/pause 50/specificTemporarySprite movieFrame 7 8 80/pause 50/specificTemporarySprite movieFrame 7 9 80/pause 50/specificTemporarySprite movieFrame 7 7 80/pause 50/specificTemporarySprite movieFrame 7 8 80/pause 50/specificTemporarySprite movieFrame 7 9 80/pause 50",
        "Text": "(Terdengar suara teriakan lirih dan seretan kaki yang aneh)",
        "Shake": false,
        "ResponsePoint": null,
        "ID": "fall1_8"
      },
      {
        "Image": 4,
        "Music": "",
        "Sound": "",
        "MessageDelay": 500,
        "Script": "/pause 1000/playSound rainsound/pause 1000/spriteText 4 \"Dia masih ada di sana... \"",
        "Text": "",
        "Shake": false,
        "ResponsePoint": "",
        "ID": "fall1_9"
      }
    ]
  }
}