[
  {
    "NPCName": "Penny",
    "Reactions": [
      {
        "Tag": "*",
        "Response": "love",
        "Whitelist": [
          "Pam"
        ],
        "SpecialResponses": {
          "BeforeMovie": {
            "ResponsePoint": null,
            "Script": "",
            "Text": "Nonton film bersama Ibu membuatku nostalgia!"
          },
          "DuringMovie": {
            "ResponsePoint": null,
            "Script": "/message \"(Pam dan Penny menonton dengan sungguh-sungguh!)\"",
            "Text": ""
          },
          "AfterMovie": {
            "ResponsePoint": null,
            "Script": "",
            "Text": "Senang bisa meluangkan waktu dengan keluarga lagi!"
          }
        },
        "ID": "reaction_0"
      },
      {
        "Tag": "spring_movie_0",
        "Response": "love",
        "Whitelist": [],
        "SpecialResponses": {
          "BeforeMovie": {
            "ResponsePoint": null,
            "Script": "",
            "Text": "Aku menantikan ini! Jas dan Vincent tak henti-henti membicarakannya."
          },
          "DuringMovie": {
            "ResponsePoint": "sprout_leave",
            "Script": "/shake Penny 3000/pause 500/message \"Penny tampaknya sedang menahan tangis...\"",
            "Text": "Wow, pasti sulit baginya untuk meninggalkan keluarga...$s"
          },
          "AfterMovie": {
            "ResponsePoint": null,
            "Script": "",
            "Text": "Terima kasih sudah mengajakku, aku tak sabar ingin menceritakannya pada anak-anak!"
          }
        },
        "ID": "reaction_1"
      },
      {
        "Tag": "spring_movie_0",
        "Response": "love",
        "Whitelist": [],
        "SpecialResponses": null,
        "ID": "reaction_2"
      },
      {
        "Tag": "family",
        "Response": "like",
        "Whitelist": [],
        "SpecialResponses": {
          "BeforeMovie": {
            "ResponsePoint": null,
            "Script": "",
            "Text": "Oh, '{0}'! Sepertinya ini film yang ceria dan bermanfaat!"
          },
          "DuringMovie": {
            "ResponsePoint": null,
            "Script": "/message \"(Penny tersenyum)\"",
            "Text": ""
          },
          "AfterMovie": {
            "ResponsePoint": null,
            "Script": "",
            "Text": "Lain kali aku harus mengajak anak-anak nonton ini!"
          }
        },
        "ID": "reaction_3"
      },
      {
        "Tag": "comedy",
        "Response": "like",
        "Whitelist": [],
        "SpecialResponses": {
          "BeforeMovie": {
            "ResponsePoint": null,
            "Script": "",
            "Text": "Aku sudah tak sabar, aku siap untuk tertawa lepas!"
          },
          "DuringMovie": {
            "ResponsePoint": null,
            "Script": "",
            "Text": "Loh, mereka barusan...?! Hahahaha!"
          },
          "AfterMovie": {
            "ResponsePoint": null,
            "Script": "",
            "Text": "Whew, rahangku kram gara-gara tertawa terus...!"
          }
        },
        "ID": "reaction_4"
      },
      {
        "Tag": "horror",
        "Response": "dislike",
        "Whitelist": [],
        "SpecialResponses": {
          "BeforeMovie": {
            "ResponsePoint": null,
            "Script": "",
            "Text": "Aku takut... Aku jarang nonton film horor.$s"
          },
          "DuringMovie": {
            "ResponsePoint": null,
            "Script": "/shake Penny 3000/pause 500/emote Penny 28",
            "Text": "Nggak mau lihat...$s"
          },
          "AfterMovie": {
            "ResponsePoint": null,
            "Script": "",
            "Text": "Semoga nanti aku tidak mimpi buruk!$s"
          }
        },
        "ID": "reaction_5"
      },
      {
        "Tag": "love",
        "Response": "like",
        "Whitelist": [],
        "SpecialResponses": {
          "BeforeMovie": {
            "ResponsePoint": null,
            "Script": "",
            "Text": "Oooh, sudah lama aku ingin nonton ini!"
          },
          "DuringMovie": null,
          "AfterMovie": {
            "ResponsePoint": null,
            "Script": "",
            "Text": "Luar biasa! Semoga mereka bikin film yang seperti ini lagi!"
          }
        },
        "ID": "reaction_6"
      },
      {
        "Tag": "like",
        "Response": "like",
        "Whitelist": [],
        "SpecialResponses": {
          "BeforeMovie": {
            "ResponsePoint": null,
            "Script": "",
            "Text": "Hei, Aku dengar-dengar katanya film ini bagus!"
          },
          "DuringMovie": null,
          "AfterMovie": {
            "ResponsePoint": null,
            "Script": "",
            "Text": "Filmnya bagus! Terima kasih sudah nonton sama aku!"
          }
        },
        "ID": "reaction_7"
      },
      {
        "Tag": "dislike",
        "Response": "like",
        "Whitelist": [],
        "SpecialResponses": {
          "BeforeMovie": {
            "ResponsePoint": null,
            "Script": "",
            "Text": "Aku belum tentu mau nonton film ini sendiri, tapi akan kuberi kesempatan..."
          },
          "DuringMovie": {
            "ResponsePoint": null,
            "Script": "",
            "Text": "..."
          },
          "AfterMovie": {
            "ResponsePoint": null,
            "Script": "",
            "Text": "Maaf kalau kamu kurang menikmati filmnya karena aku, soalnya aku kurang suka..."
          }
        },
        "ID": "reaction_8"
      },
      {
        "Tag": "seen_love",
        "Response": "like",
        "Whitelist": [],
        "SpecialResponses": {
          "BeforeMovie": {
            "ResponsePoint": null,
            "Script": "",
            "Text": "Ooh, '{0}'! Aku pernah nonton ini sama {2}!"
          },
          "DuringMovie": null,
          "AfterMovie": null
        },
        "ID": "reaction_9"
      },
      {
        "Tag": "seen_like",
        "Response": "like",
        "Whitelist": [],
        "SpecialResponses": {
          "BeforeMovie": {
            "ResponsePoint": null,
            "Script": "",
            "Text": "Aku pernah nonton ini sama {2}, filmnya lumayan bagus!"
          },
          "DuringMovie": null,
          "AfterMovie": null
        },
        "ID": "reaction_10"
      },
      {
        "Tag": "seen_dislike",
        "Response": "like",
        "Whitelist": [],
        "SpecialResponses": {
          "BeforeMovie": {
            "ResponsePoint": null,
            "Script": "",
            "Text": "Hmm, kayaknya {2} pernah mengajakku nonton ini..."
          },
          "DuringMovie": null,
          "AfterMovie": null
        },
        "ID": "reaction_11"
      }
    ]
  },
  {
    "NPCName": "Pam",
    "Reactions": [
      {
        "Tag": "*",
        "Response": "like",
        "Whitelist": [],
        "SpecialResponses": {
          "BeforeMovie": {
            "ResponsePoint": null,
            "Script": "",
            "Text": "Hei, nak. Makasih sudah mengajakku."
          },
          "DuringMovie": null,
          "AfterMovie": {
            "ResponsePoint": null,
            "Script": "",
            "Text": "Heh, filmnya nggak buruk juga!"
          }
        },
        "ID": "reaction_0"
      }
    ]
  },
  {
    "NPCName": "Krobus",
    "Reactions": [
      {
        "Tag": "fall_movie_0",
        "Response": "like",
        "Whitelist": [],
        "SpecialResponses": {
          "BeforeMovie": {
            "ResponsePoint": null,
            "Script": "",
            "Text": "Psst... Hei, ini aku, Krobus. Apa kau bisa mengenaliku?$8#$b#Kalau ada yang kesini, kamu yang bicara, oke?$8"
          },
          "DuringMovie": {
            "ResponsePoint": "mysterium_shadow",
            "Script": "/message \"Krobus menahan amarah...\"",
            "Text": "Tidak semua kaum Shadow seperti itu!$8"
          },
          "AfterMovie": {
            "ResponsePoint": null,
            "Script": "",
            "Text": "Aku tidak terbiasa pakai pakaian... Rasanya tidak nyaman!$8"
          }
        },
        "ID": "reaction_0"
      },
      {
        "Tag": "*",
        "Response": "dislike",
        "Whitelist": [],
        "SpecialResponses": {
          "BeforeMovie": {
            "ResponsePoint": null,
            "Script": "",
            "Text": "*ahem*... Halo! Aku sangat menantikan hiburan visual ini sambil memakan jagung yang meletup... sama sepertimu!$8#$b#*berbisik*... bagaimana penyamaranku?$8"
          },
          "DuringMovie": null,
          "AfterMovie": {
            "ResponsePoint": null,
            "Script": "",
            "Text": "Jadi, spesiesmu suka menatapi cahaya berkedip selama berjam-jam? Menarik...$8"
          }
        },
        "ID": "reaction_1"
      }
    ]
  },
  {
    "NPCName": "Wizard",
    "Reactions": [
      {
        "Tag": "fall_movie_0",
        "Response": "love",
        "Whitelist": [],
        "SpecialResponses": {
          "BeforeMovie": {
            "ResponsePoint": null,
            "Script": "",
            "Text": "Indraku merasakan kekuatan misterius merambati bangunan ini..."
          },
          "DuringMovie": {
            "ResponsePoint": null,
            "Script": "/message \"Mata Penyihir berbinar-binar...\"",
            "Text": " Orang awam tidak ada yang tahu kalau ini rekaman yang asli!"
          },
          "AfterMovie": {
            "ResponsePoint": null,
            "Script": "",
            "Text": " Bagi mereka yang tahu akan misterinya, film ini punya arti yang dalam..."
          }
        },
        "ID": "reaction_1"
      },
      {
        "Tag": "*",
        "Response": "dislike",
        "Whitelist": [],
        "SpecialResponses": {
          "BeforeMovie": {
            "ResponsePoint": null,
            "Script": "",
            "Text": "..."
          },
          "DuringMovie": null,
          "AfterMovie": {
            "ResponsePoint": null,
            "Script": "",
            "Text": "Kau membuatku berhenti belajar cuma untuk *ini*?"
          }
        },
        "ID": "reaction_0"
      }
    ]
  },
  {
    "NPCName": "George",
    "Reactions": [
      {
        "Tag": "family",
        "Response": "like",
        "Whitelist": [],
        "SpecialResponses": null,
        "ID": "reaction_0"
      },
      {
        "Tag": "classic",
        "Response": "love",
        "Whitelist": [],
        "SpecialResponses": null,
        "ID": "reaction_1"
      },
      {
        "Tag": "*",
        "Response": "dislike",
        "Whitelist": [],
        "SpecialResponses": null,
        "ID": "reaction_2"
      },
      {
        "Tag": "love",
        "Response": "like",
        "Whitelist": [],
        "SpecialResponses": {
          "BeforeMovie": {
            "ResponsePoint": null,
            "Script": "",
            "Text": "Koran memberi film ini nilai '5 bintang', karenanya aku bersedia nonton."
          },
          "DuringMovie": null,
          "AfterMovie": {
            "ResponsePoint": null,
            "Script": "",
            "Text": "Heh! Filmnya bagus juga! Terima kasih sudah mengajakku."
          }
        },
        "ID": "reaction_3"
      },
      {
        "Tag": "like",
        "Response": "like",
        "Whitelist": [],
        "SpecialResponses": {
          "BeforeMovie": {
            "ResponsePoint": null,
            "Script": "",
            "Text": "Hmph... Bioskop sekarang sudah tidak seperti dulu... Tapi mungkin kualitas gambarnya lebih bagus."
          },
          "DuringMovie": null,
          "AfterMovie": {
            "ResponsePoint": null,
            "Script": "",
            "Text": "Heh. Dibandingkan sama film-film lain di jaman ini, tidak buruk juga.$h"
          }
        },
        "ID": "reaction_4"
      },
      {
        "Tag": "dislike",
        "Response": "like",
        "Whitelist": [],
        "SpecialResponses": {
          "BeforeMovie": {
            "ResponsePoint": null,
            "Script": "",
            "Text": "Hmph... Aku nanti tidur saja."
          },
          "DuringMovie": null,
          "AfterMovie": {
            "ResponsePoint": null,
            "Script": "",
            "Text": "Memalukan! Sampah seperti ini kok disebut 'film'... "
          }
        },
        "ID": "reaction_5"
      }
    ]
  },
  {
    "NPCName": "Alex",
    "Reactions": [
      {
        "Tag": "fall_movie_1",
        "Response": "love",
        "Whitelist": [],
        "SpecialResponses": null,
        "ID": "reaction_0"
      },
      {
        "Tag": "documentary",
        "Response": "dislike",
        "Whitelist": [],
        "SpecialResponses": null,
        "ID": "reaction_1"
      },
      {
        "Tag": "summer_movie_1",
        "Response": "love",
        "Whitelist": [],
        "SpecialResponses": {
          "BeforeMovie": {
            "ResponsePoint": null,
            "Script": "",
            "Text": "Film ini seharusnya lucu, aku sudah menantikannya."
          },
          "DuringMovie": null,
          "AfterMovie": {
            "ResponsePoint": null,
            "Script": "",
            "Text": "Hah! Aku suka sekali. Tapi entah apa aku bisa bertahan hidup cuma makan makanan kenyal."
          }
        },
        "ID": "reaction_2"
      },
      {
        "Tag": "love",
        "Response": "like",
        "Whitelist": [],
        "SpecialResponses": {
          "BeforeMovie": {
            "ResponsePoint": null,
            "Script": "",
            "Text": "Sudah lama aku menantikan ini. Terima kasih tiketnya, @!"
          },
          "DuringMovie": null,
          "AfterMovie": {
            "ResponsePoint": null,
            "Script": "",
            "Text": "Filmnya bagus banget! Kakiku masih gemeteran saking serunya."
          }
        },
        "ID": "reaction_3"
      },
      {
        "Tag": "like",
        "Response": "like",
        "Whitelist": [],
        "SpecialResponses": {
          "BeforeMovie": {
            "ResponsePoint": null,
            "Script": "",
            "Text": "Hei, aku nggak sabar lagi buat nonton! Tapi aku pengin cemilan..."
          },
          "DuringMovie": null,
          "AfterMovie": {
            "ResponsePoint": null,
            "Script": "",
            "Text": "Hei, filmnya bagus. Makasih sudah ngajak aku, @."
          }
        },
        "ID": "reaction_4"
      },
      {
        "Tag": "dislike",
        "Response": "like",
        "Whitelist": [],
        "SpecialResponses": {
          "BeforeMovie": {
            "ResponsePoint": null,
            "Script": "",
            "Text": "Kayaknya film ini payah, tapi akan kucoba dulu."
          },
          "DuringMovie": null,
          "AfterMovie": {
            "ResponsePoint": null,
            "Script": "",
            "Text": "Entah karena aku bosen, atau karena aku kurang cerdas memahami filmnya...$s"
          }
        },
        "ID": "reaction_5"
      }
    ]
  },
  {
    "NPCName": "Evelyn",
    "Reactions": [
      {
        "Tag": "classic",
        "Response": "love",
        "Whitelist": [],
        "SpecialResponses": null,
        "ID": "reaction_0"
      },
      {
        "Tag": "horror",
        "Response": "dislike",
        "Whitelist": [],
        "SpecialResponses": null,
        "ID": "reaction_1"
      },
      {
        "Tag": "love",
        "Response": "like",
        "Whitelist": [],
        "SpecialResponses": {
          "BeforeMovie": {
            "ResponsePoint": null,
            "Script": "",
            "Text": "Sebelum ada bioskop di kota ini, aku terakhir nonton film 20 tahun yang lalu!$h"
          },
          "DuringMovie": null,
          "AfterMovie": {
            "ResponsePoint": null,
            "Script": "",
            "Text": "Aku suka sekali... sekarang kamu tahu kenapa '{0}' dianggap klasik."
          }
        },
        "ID": "reaction_2"
      },
      {
        "Tag": "like",
        "Response": "like",
        "Whitelist": [],
        "SpecialResponses": {
          "BeforeMovie": {
            "ResponsePoint": null,
            "Script": "",
            "Text": "Kamu baik sekali mengajak wanita tua nonton film.$h"
          },
          "DuringMovie": null,
          "AfterMovie": {
            "ResponsePoint": null,
            "Script": "",
            "Text": "Aku senang mereka masih membuat film yang layak... Aku menikmatinya!"
          }
        },
        "ID": "reaction_3"
      },
      {
        "Tag": "dislike",
        "Response": "like",
        "Whitelist": [],
        "SpecialResponses": {
          "BeforeMovie": {
            "ResponsePoint": null,
            "Script": "",
            "Text": "Aku kurang suka film seram, tapi akan kucoba nonton dulu."
          },
          "DuringMovie": {
            "ResponsePoint": null,
            "Script": "/shake Evelyn 3000/pause 500/message \"Evelyn menutupi matanya.\"",
            "Text": "Sudah selesai belum?$s"
          },
          "AfterMovie": {
            "ResponsePoint": null,
            "Script": "",
            "Text": "Aku kebanyakan menutup mata...$s"
          }
        },
        "ID": "reaction_4"
      }
    ]
  },
  {
    "NPCName": "Pierre",
    "Reactions": [
      {
        "Tag": "summer_movie_1",
        "Response": "love",
        "Whitelist": [],
        "SpecialResponses": null,
        "ID": "reaction_0"
      },
      {
        "Tag": "love",
        "Response": "like",
        "Whitelist": [],
        "SpecialResponses": {
          "BeforeMovie": {
            "ResponsePoint": null,
            "Script": "",
            "Text": "Dari kecil aku suka nontom film sains fiksi jadul, jadi aku tertarik dengan yang modern."
          },
          "DuringMovie": null,
          "AfterMovie": {
            "ResponsePoint": null,
            "Script": "",
            "Text": "Hah! Tidak seperti yang kuduga, tapi lama-lama aku suka! Aku sangat mengenali Wumbus.$h"
          }
        },
        "ID": "reaction_1"
      },
      {
        "Tag": "like",
        "Response": "like",
        "Whitelist": [],
        "SpecialResponses": {
          "BeforeMovie": {
            "ResponsePoint": null,
            "Script": "",
            "Text": "Biasanya aku selalu kerja terus-terusan, jadi aku senang bisa sesekali melakukan kegiatan seperti ini."
          },
          "DuringMovie": null,
          "AfterMovie": {
            "ResponsePoint": null,
            "Script": "",
            "Text": "Tidak buruk juga! Apa mereka menjual barang yang bisa aku stok..."
          }
        },
        "ID": "reaction_2"
      }
    ]
  },
  {
    "NPCName": "Abigail",
    "Reactions": [
      {
        "Tag": "horror",
        "Response": "love",
        "Whitelist": [],
        "SpecialResponses": null,
        "ID": "reaction_0"
      },
      {
        "Tag": "classic",
        "Response": "dislike",
        "Whitelist": [],
        "SpecialResponses": null,
        "ID": "reaction_1"
      },
      {
        "Tag": "summer_movie_0",
        "Response": "like",
        "Whitelist": [],
        "SpecialResponses": {
          "BeforeMovie": {
            "ResponsePoint": null,
            "Script": "",
            "Text": "Aku tidak percaya mereka bikin film Prairie King... Semoga bagus!"
          },
          "DuringMovie": {
            "ResponsePoint": null,
            "Script": "",
            "Text": "Dengerin... musiknya sama kayak di gim.$h"
          },
          "AfterMovie": {
            "ResponsePoint": null,
            "Script": "",
            "Text": "Yah, aktingnya parah, tapi aku masih menikmatinya.$h"
          }
        },
        "ID": "reaction_2"
      },
      {
        "Tag": "spring_movie_1",
        "Response": "like",
        "Whitelist": [],
        "SpecialResponses": {
          "BeforeMovie": {
            "ResponsePoint": null,
            "Script": "",
            "Text": "Aku tidak sabar mau 'menjelajahi dunia penuh warna kita'... kamu gimana?$h"
          },
          "DuringMovie": {
            "ResponsePoint": null,
            "Script": "",
            "Text": "Aku baru tahu!"
          },
          "AfterMovie": {
            "ResponsePoint": null,
            "Script": "",
            "Text": "Filmnya menarik. Aku suka rakunnya... mereka lucu!$h"
          }
        },
        "ID": "reaction_3"
      },
      {
        "Tag": "love",
        "Response": "like",
        "Whitelist": [],
        "SpecialResponses": {
          "BeforeMovie": {
            "ResponsePoint": null,
            "Script": "",
            "Text": "Aku suka film horor... Semoga menyeramkan!$h"
          },
          "DuringMovie": {
            "ResponsePoint": null,
            "Script": "/shake Abigail 3000/pause 500/message \"Abigail cekikikan!\"",
            "Text": "Haha! Nggak seram sih, tapi aku suka.$h"
          },
          "AfterMovie": {
            "ResponsePoint": null,
            "Script": "",
            "Text": "Filmnya agak konyol, tapi aku suka.$h"
          }
        },
        "ID": "reaction_4"
      },
      {
        "Tag": "like",
        "Response": "like",
        "Whitelist": [],
        "SpecialResponses": {
          "BeforeMovie": {
            "ResponsePoint": null,
            "Script": "",
            "Text": "Hei! Makasih sudah mengajakku, aku suka nonton film.$h"
          },
          "DuringMovie": null,
          "AfterMovie": {
            "ResponsePoint": null,
            "Script": "",
            "Text": "Filmnya menarik... Entah aku harus bagaimana kalau dihadapkan situasi yang sama."
          }
        },
        "ID": "reaction_5"
      },
      {
        "Tag": "dislike",
        "Response": "like",
        "Whitelist": [],
        "SpecialResponses": {
          "BeforeMovie": {
            "ResponsePoint": null,
            "Script": "",
            "Text": "Dari pratayangnya, film ini kayaknya hambar banget...$6"
          },
          "DuringMovie": {
            "ResponsePoint": null,
            "Script": "",
            "Text": "Bangunin ya kalau ada adegan menarik.$6"
          },
          "AfterMovie": {
            "ResponsePoint": null,
            "Script": "",
            "Text": "*menguap*... ngebosenin ya filmnya?$6"
          }
        },
        "ID": "reaction_6"
      }
    ]
  },
  {
    "NPCName": "Caroline",
    "Reactions": [
      {
        "Tag": "spring_movie_0",
        "Response": "love",
        "Whitelist": [],
        "SpecialResponses": null,
        "ID": "reaction_0"
      },
      {
        "Tag": "summer_movie_1",
        "Response": "dislike",
        "Whitelist": [],
        "SpecialResponses": null,
        "ID": "reaction_1"
      },
      {
        "Tag": "summer_movie_0",
        "Response": "love",
        "Whitelist": [],
        "SpecialResponses": {
          "BeforeMovie": {
            "ResponsePoint": null,
            "Script": "",
            "Text": "Aku selalu suka film tentang wild west, jadi aku menantikan film ini!"
          },
          "DuringMovie": null,
          "AfterMovie": {
            "ResponsePoint": null,
            "Script": "",
            "Text": "Filmnya bagus! Dengan kostum dan pelengkapnya, semua terasa seperti asli."
          }
        },
        "ID": "reaction_2"
      },
      {
        "Tag": "love",
        "Response": "like",
        "Whitelist": [],
        "SpecialResponses": {
          "BeforeMovie": {
            "ResponsePoint": null,
            "Script": "",
            "Text": "Film ini imut sekali, aku menunggu-nunggu ada yang mengajak nonton!"
          },
          "DuringMovie": {
            "ResponsePoint": null,
            "Script": "",
            "Text": "Semoga si kecil itu baik-baik saja...$s"
          },
          "AfterMovie": {
            "ResponsePoint": null,
            "Script": "",
            "Text": "Filmnya menggemaskan. Terima kasih sudah mengajakku!"
          }
        },
        "ID": "reaction_3"
      },
      {
        "Tag": "like",
        "Response": "like",
        "Whitelist": [],
        "SpecialResponses": {
          "BeforeMovie": {
            "ResponsePoint": null,
            "Script": "",
            "Text": "'{0}'... aku belum tahu ini film tentang apa! Semoga tidak ada kekerasannya."
          },
          "DuringMovie": null,
          "AfterMovie": {
            "ResponsePoint": null,
            "Script": "",
            "Text": "Lumayan juga! Tapi nanti aku tanyakan ke Abigail saja, aku yakin dia sudah nonton.$h"
          }
        },
        "ID": "reaction_4"
      },
      {
        "Tag": "dislike",
        "Response": "like",
        "Whitelist": [],
        "SpecialResponses": {
          "BeforeMovie": {
            "ResponsePoint": null,
            "Script": "",
            "Text": "Firasatku bilang film ini akan mengecewakan... Tapi aku masih tertarik mecobanya."
          },
          "DuringMovie": null,
          "AfterMovie": {
            "ResponsePoint": null,
            "Script": "",
            "Text": "Filmnya konyol... Aku yakin Pierre akan suka.$s"
          }
        },
        "ID": "reaction_5"
      }
    ]
  },
  {
    "NPCName": "Harvey",
    "Reactions": [
      {
        "Tag": "spring_movie_1",
        "Response": "like",
        "Whitelist": [],
        "SpecialResponses": {
          "BeforeMovie": {
            "ResponsePoint": null,
            "Script": "",
            "Text": "Aku agak takut nonton ini... *glek*"
          },
          "DuringMovie": {
            "ResponsePoint": null,
            "Script": "/shake Harvey 3000/pause 500/message \"Harvey gemetaran!\"",
            "Text": "Aku takut!$8"
          },
          "AfterMovie": {
            "ResponsePoint": null,
            "Script": "",
            "Text": "Aku takut ketinggian, rekaman dari tempat tinggi di film tadi membuatku takut... Tapi aku tetap menikmati filmnya.$h"
          }
        },
        "ID": "reaction_3"
      },
      {
        "Tag": "classic",
        "Response": "love",
        "Whitelist": [],
        "SpecialResponses": null,
        "ID": "reaction_0"
      },
      {
        "Tag": "action",
        "Response": "dislike",
        "Whitelist": [],
        "SpecialResponses": null,
        "ID": "reaction_1"
      },
      {
        "Tag": "horror",
        "Response": "dislike",
        "Whitelist": [],
        "SpecialResponses": null,
        "ID": "reaction_2"
      },
      {
        "Tag": "love",
        "Response": "like",
        "Whitelist": [],
        "SpecialResponses": {
          "BeforeMovie": {
            "ResponsePoint": null,
            "Script": "",
            "Text": "Aku baca di koran Zuzu City Times ulasan film ini bagus-bagus ..."
          },
          "DuringMovie": {
            "ResponsePoint": null,
            "Script": "",
            "Text": "Filmnya bikin kita mikir ya?"
          },
          "AfterMovie": {
            "ResponsePoint": null,
            "Script": "",
            "Text": "Luar biasa! Aku senang sekali kamu mengajakku nonton film ini, @.$h"
          }
        },
        "ID": "reaction_4"
      },
      {
        "Tag": "like",
        "Response": "like",
        "Whitelist": [],
        "SpecialResponses": {
          "BeforeMovie": {
            "ResponsePoint": null,
            "Script": "",
            "Text": "Aku jarang nonton film, tapi ini filmnya banyak yang suka kan?"
          },
          "DuringMovie": null,
          "AfterMovie": {
            "ResponsePoint": null,
            "Script": "",
            "Text": "Filmnya menarik! Aku akan kepikiran terus soal {0} dalam waktu dekat."
          }
        },
        "ID": "reaction_5"
      },
      {
        "Tag": "dislike",
        "Response": "like",
        "Whitelist": [],
        "SpecialResponses": {
          "BeforeMovie": {
            "ResponsePoint": null,
            "Script": "",
            "Text": "Film ini terlalu tegang buatku...$s"
          },
          "DuringMovie": {
            "ResponsePoint": null,
            "Script": "/shake Harvey 3000/pause 500/message \"Tekanan darah Harvey meroket!\"",
            "Text": "Aku mau pingsan...$8"
          },
          "AfterMovie": {
            "ResponsePoint": null,
            "Script": "",
            "Text": "Tubuhku meradang setelah nonton film tadi...$s"
          }
        },
        "ID": "reaction_6"
      }
    ]
  },
  {
    "NPCName": "Gus",
    "Reactions": [
      {
        "Tag": "summer_movie_1",
        "Response": "love",
        "Whitelist": [],
        "SpecialResponses": {
          "BeforeMovie": {
            "ResponsePoint": null,
            "Script": "",
            "Text": "Aku lihat iklannya di TV. Sepertinya film ini lucu sekali!"
          },
          "DuringMovie": null,
          "AfterMovie": {
            "ResponsePoint": null,
            "Script": "",
            "Text": "Sebagai pencicip makanan, obsesinya dengan makanan kenyal sangatlah lucu.$h"
          }
        },
        "ID": "reaction_0"
      },
      {
        "Tag": "winter_movie_0",
        "Response": "love",
        "Whitelist": [],
        "SpecialResponses": {
          "BeforeMovie": {
            "ResponsePoint": null,
            "Script": "",
            "Text": "Rasanya liburan belum lengkap kalau belum nonton '{0}'!"
          },
          "DuringMovie": null,
          "AfterMovie": {
            "ResponsePoint": null,
            "Script": "",
            "Text": "Filmnya mengharukan... dan entah kenapa buah tadi menggoda sekali. Aku ingin mencobanya suatu saat nanti."
          }
        },
        "ID": "reaction_1"
      },
      {
        "Tag": "fall_movie_0",
        "Response": "dislike",
        "Whitelist": [],
        "SpecialResponses": {
          "BeforeMovie": {
            "ResponsePoint": null,
            "Script": "",
            "Text": "Mereka bilang film ini 'tidak biasa'... apa itu berarti buruk?$s"
          },
          "DuringMovie": null,
          "AfterMovie": {
            "ResponsePoint": null,
            "Script": "",
            "Text": "Apa maksud filmnya? Aku tidak mengerti. Mungkin aku terlalu tua.$s"
          }
        },
        "ID": "reaction_3"
      },
      {
        "Tag": "like",
        "Response": "like",
        "Whitelist": [],
        "SpecialResponses": {
          "BeforeMovie": {
            "ResponsePoint": null,
            "Script": "",
            "Text": "*endus* *endus* ... Aku mencium sesuatu yang lezat..."
          },
          "DuringMovie": null,
          "AfterMovie": {
            "ResponsePoint": null,
            "Script": "",
            "Text": "Lumayan. Aku tidak menyesal sudah datang!"
          }
        },
        "ID": "reaction_2"
      }
    ]
  },
  {
    "NPCName": "Lewis",
    "Reactions": [
      {
        "Tag": "summer_movie_0",
        "Response": "like",
        "Whitelist": [],
        "SpecialResponses": {
          "BeforeMovie": {
            "ResponsePoint": null,
            "Script": "",
            "Text": "Aku pernah lihat film koboi sewaktu kecil... Lega rasanya lihat film seperti ini tak ada matinya!"
          },
          "DuringMovie": {
            "ResponsePoint": "PK_villain",
            "Script": "/message \"Walikota Lewis sedang berpikir...\"",
            "Text": "(Minyak kumis apa yang dia pakai ya?)"
          },
          "AfterMovie": {
            "ResponsePoint": null,
            "Script": "",
            "Text": "Heh, filmnya bagus! Bikin nostalgia...$h"
          }
        },
        "ID": "reaction_3"
      },
      {
        "Tag": "spring_movie_1",
        "Response": "love",
        "Whitelist": [],
        "SpecialResponses": {
          "BeforeMovie": {
            "ResponsePoint": null,
            "Script": "",
            "Text": "Pak Gubernur sendiri yang merekomendasikan film ini padaku!"
          },
          "DuringMovie": null,
          "AfterMovie": {
            "ResponsePoint": null,
            "Script": "",
            "Text": "Fantastis! Stardew Valley tampak indah sekali ya tadi? Andai saja mereka juga menyorot Pelican Town...$h"
          }
        },
        "ID": "reaction_4"
      },
      {
        "Tag": "family",
        "Response": "like",
        "Whitelist": [],
        "SpecialResponses": null,
        "ID": "reaction_0"
      },
      {
        "Tag": "classic",
        "Response": "like",
        "Whitelist": [],
        "SpecialResponses": null,
        "ID": "reaction_1"
      },
      {
        "Tag": "*",
        "Response": "dislike",
        "Whitelist": [],
        "SpecialResponses": null,
        "ID": "reaction_2"
      },
      {
        "Tag": "like",
        "Response": "like",
        "Whitelist": [],
        "SpecialResponses": {
          "BeforeMovie": {
            "ResponsePoint": null,
            "Script": "",
            "Text": "Sebagai walikota, aku harus tahu film apa saja yang ditayangkan. Kita juga harus mengkhawatirkan generasi muda!"
          },
          "DuringMovie": null,
          "AfterMovie": {
            "ResponsePoint": null,
            "Script": "",
            "Text": "Hah! Bagus sekali... Akan kulabeli film ini dengan 'Disetujui Walikota'.$h"
          }
        },
        "ID": "reaction_5"
      },
      {
        "Tag": "dislike",
        "Response": "like",
        "Whitelist": [],
        "SpecialResponses": {
          "BeforeMovie": {
            "ResponsePoint": null,
            "Script": "",
            "Text": "Hmm... sepertinya menarik nonton apa yang disukai anak-anak muda jaman sekarang..."
          },
          "DuringMovie": null,
          "AfterMovie": {
            "ResponsePoint": null,
            "Script": "",
            "Text": "Huh... Pesan yang disampaikan film tadi bagus atau tidak ya buat komunitas kita?"
          }
        },
        "ID": "reaction_6"
      }
    ]
  },
  {
    "NPCName": "Jodi",
    "Reactions": [
      {
        "Tag": "winter_movie_1",
        "Response": "love",
        "Whitelist": [],
        "SpecialResponses": null,
        "ID": "reaction_0"
      },
      {
        "Tag": "love",
        "Response": "like",
        "Whitelist": [],
        "SpecialResponses": {
          "BeforeMovie": {
            "ResponsePoint": null,
            "Script": "",
            "Text": "Dulu aku pernah nonton film ini. Romantis pokoknya!"
          },
          "DuringMovie": null,
          "AfterMovie": {
            "ResponsePoint": null,
            "Script": "",
            "Text": "Filmnya bagus... Tema filmnya cocok sekali buatku. Terima kasih sudah mengajakku!"
          }
        },
        "ID": "reaction_1"
      },
      {
        "Tag": "like",
        "Response": "like",
        "Whitelist": [],
        "SpecialResponses": {
          "BeforeMovie": {
            "ResponsePoint": null,
            "Script": "",
            "Text": "Semoga kursinya empuk, seharian ini aku berdiri terus!"
          },
          "DuringMovie": null,
          "AfterMovie": {
            "ResponsePoint": null,
            "Script": "",
            "Text": "Aku bukan pecinta film.. tapi aku menikmatinya! Makasih, @."
          }
        },
        "ID": "reaction_2"
      }
    ]
  },
  {
    "NPCName": "Sam",
    "Reactions": [
      {
        "Tag": "summer_movie_1",
        "Response": "love",
        "Whitelist": [],
        "SpecialResponses": {
          "BeforeMovie": {
            "ResponsePoint": null,
            "Script": "",
            "Text": "Wah, sudah kutunggu-tunggu ini! Katanya lagunya bagus."
          },
          "DuringMovie": {
            "ResponsePoint": null,
            "Script": "/playSound reward/emote Sam 32/message Sam \"Sam tak dapat menahan tawanya!\"",
            "Text": "Filmnya ngakak banget! Mereka kok bisa kepikiran bikin film ini ya?$h"
          },
          "AfterMovie": {
            "ResponsePoint": null,
            "Script": "",
            "Text": "*psst*... Jangan bilang-bilang, tapi kaos kakiku sama kayak yang dipakai Wumbus."
          }
        },
        "ID": "reaction_1"
      },
      {
        "Tag": "classic",
        "Response": "dislike",
        "Whitelist": [],
        "SpecialResponses": null,
        "ID": "reaction_0"
      },
      {
        "Tag": "horror",
        "Response": "like",
        "Whitelist": [],
        "SpecialResponses": {
          "BeforeMovie": {
            "ResponsePoint": null,
            "Script": "",
            "Text": "Kamu suka film seram ya? Aku baru tahu!"
          },
          "DuringMovie": null,
          "AfterMovie": {
            "ResponsePoint": null,
            "Script": "",
            "Text": "Lumayan bagus! Biasanya aku nggak takut nonton horor, tapi tadi itu beda... Kayaknya aku nggak bakal ngajak Vincent nonton ini."
          }
        },
        "ID": "reaction_2"
      },
      {
        "Tag": "like",
        "Response": "like",
        "Whitelist": [],
        "SpecialResponses": {
          "BeforeMovie": {
            "ResponsePoint": null,
            "Script": "",
            "Text": "Hei, makasih udah ngajak nonton, @... Syukurlah kota kita punya bioskop sendiri sekarang."
          },
          "DuringMovie": null,
          "AfterMovie": {
            "ResponsePoint": null,
            "Script": "",
            "Text": "Nggak buruk-buruk amat! Kayaknya aku bakal ngajak Vincent nonton ini."
          }
        },
        "ID": "reaction_3"
      },
      {
        "Tag": "dislike",
        "Response": "like",
        "Whitelist": [],
        "SpecialResponses": {
          "BeforeMovie": {
            "ResponsePoint": null,
            "Script": "",
            "Text": "Film lama yang isinya cuma orang ngobrol ya? Hmm... $s"
          },
          "DuringMovie": {
            "ResponsePoint": null,
            "Script": "/message Sam \"Sam lagi main konsol video gim genggamnya.\"",
            "Text": "Huh? Oh! Ya... Filmnya... menarik...$10"
          },
          "AfterMovie": {
            "ResponsePoint": null,
            "Script": "",
            "Text": "Ya... Uh... Karakter yang itu menarik... Dan, um... heh...$10"
          }
        },
        "ID": "reaction_4"
      }
    ]
  },
  {
    "NPCName": "Vincent",
    "Reactions": [
      {
        "Tag": "horror",
        "Response": "dislike",
        "Whitelist": [],
        "SpecialResponses": null,
        "ID": "reaction_0"
      },
      {
        "Tag": "documentary",
        "Response": "dislike",
        "Whitelist": [],
        "SpecialResponses": null,
        "ID": "reaction_1"
      },
      {
        "Tag": "classic",
        "Response": "dislike",
        "Whitelist": [],
        "SpecialResponses": null,
        "ID": "reaction_2"
      },
      {
        "Tag": "*",
        "Response": "love",
        "Whitelist": [],
        "SpecialResponses": null,
        "ID": "reaction_3"
      },
      {
        "Tag": "love",
        "Response": "like",
        "Whitelist": [],
        "SpecialResponses": {
          "BeforeMovie": {
            "ResponsePoint": null,
            "Script": "",
            "Text": "Aku senang sekali! Ibu juga bilang aku boleh makan permen!$h"
          },
          "DuringMovie": {
            "ResponsePoint": null,
            "Script": "/jump Vincent/pause 400/playSound reward/message \"Vincent semangatnya meledak-ledak!\"",
            "Text": ""
          },
          "AfterMovie": {
            "ResponsePoint": null,
            "Script": "",
            "Text": "Filmnya seru sekali! Aku mau nonton lagi!$h"
          }
        },
        "ID": "reaction_4"
      },
      {
        "Tag": "dislike",
        "Response": "like",
        "Whitelist": [],
        "SpecialResponses": {
          "BeforeMovie": {
            "ResponsePoint": null,
            "Script": "",
            "Text": "T... Tapi... Film ini khusus buat orang dewasa kan?$s"
          },
          "DuringMovie": {
            "ResponsePoint": null,
            "Script": "/shake Vincent 250/pause 500/shake Vincent 250/pause 500/emote Vincent 28/message \"Vincent gelisah di tempat duduknya.\"",
            "Text": ""
          },
          "AfterMovie": {
            "ResponsePoint": null,
            "Script": "",
            "Text": "Filmnya ngebosenin... Aku nggak ngerti apa-apa.$s"
          }
        },
        "ID": "reaction_5"
      }
    ]
  },
  {
    "NPCName": "Kent",
    "Reactions": [
      {
        "Tag": "horror",
        "Response": "dislike",
        "Whitelist": [],
        "SpecialResponses": null,
        "ID": "reaction_0"
      },
      {
        "Tag": "like",
        "Response": "like",
        "Whitelist": [],
        "SpecialResponses": {
          "BeforeMovie": {
            "ResponsePoint": null,
            "Script": "",
            "Text": "Terima kasih sudah mengajakku nonton, @. Tidak mudah menyesuaikan diri lagi dengan gaya hidup sipil, tapi kau sudah membuatku merasa disambut."
          },
          "DuringMovie": {
            "ResponsePoint": null,
            "Script": "/emote Kent 32/message \"Kent jarang-jarang tersenyum seperti ini.\"",
            "Text": "Ini hebat... membuatku nostalgia dengan hidupku sebelum pergi perang...$h"
          },
          "AfterMovie": {
            "ResponsePoint": null,
            "Script": "",
            "Text": "Tadi itu menyenangkan. Saat kau terpikat dengan filmnya, semua rasa cemasmu hilang."
          }
        },
        "ID": "reaction_1"
      },
      {
        "Tag": "dislike",
        "Response": "like",
        "Whitelist": [],
        "SpecialResponses": {
          "BeforeMovie": {
            "ResponsePoint": null,
            "Script": "",
            "Text": "Aku kurang yakin dengan film ini..."
          },
          "DuringMovie": {
            "ResponsePoint": null,
            "Script": "/emote Kent 28/message \"Keringat dingin Kent bercucuran...\"",
            "Text": ""
          },
          "AfterMovie": {
            "ResponsePoint": null,
            "Script": "",
            "Text": "Sangat menantang bagiku. Tapi aku hargai ajakanmu."
          }
        },
        "ID": "reaction_2"
      }
    ]
  },
  {
    "NPCName": "Clint",
    "Reactions": [
      {
        "Tag": "winter_movie_1",
        "Response": "dislike",
        "Whitelist": [],
        "SpecialResponses": {
          "BeforeMovie": {
            "ResponsePoint": null,
            "Script": "",
            "Text": "Ini film romantis kan? *mengeluh*$s"
          },
          "DuringMovie": {
            "ResponsePoint": "guyEnters",
            "Script": "/emote Clint 12/message \"Clint mengerutkan dahi.\"",
            "Text": "Kenapa dia suka sama pria ITU? Nggak realistis banget...$3"
          },
          "AfterMovie": {
            "ResponsePoint": null,
            "Script": "",
            "Text": "Filmnya bikin suram...$s"
          }
        },
        "ID": "reaction_1"
      },
      {
        "Tag": "like",
        "Response": "like",
        "Whitelist": [],
        "SpecialResponses": {
          "BeforeMovie": {
            "ResponsePoint": null,
            "Script": "",
            "Text": "Malam ini 'malam nongkrong' ya? Apa itu artinya aku bayar sendiri cemilanku?^Oh... A... Apa kita sedang kencan?$4"
          },
          "DuringMovie": {
            "ResponsePoint": null,
            "Script": "/message \"Clint meneguk air dari botol kecil.\"",
            "Text": "Ini cuma... *hic*... Joja Cola.$h^*berbisik*...Kalau kamu, um... ngantuk... sandaran aja di... di bahuku. Heh... atau jangan!$4"
          },
          "AfterMovie": {
            "ResponsePoint": null,
            "Script": "",
            "Text": "Hei... tadi itu seru... ya?$h"
          }
        },
        "ID": "reaction_0"
      }
    ]
  },
  {
    "NPCName": "Emily",
    "Reactions": [
      {
        "Tag": "winter_movie_0",
        "Response": "love",
        "Whitelist": [],
        "SpecialResponses": null,
        "ID": "reaction_0"
      },
      {
        "Tag": "horror",
        "Response": "dislike",
        "Whitelist": [],
        "SpecialResponses": null,
        "ID": "reaction_1"
      },
      {
        "Tag": "spring_movie_1",
        "Response": "like",
        "Whitelist": [],
        "SpecialResponses": {
          "BeforeMovie": {
            "ResponsePoint": null,
            "Script": "",
            "Text": "Aku makan banyak kacang untuk persiapan nonton film ini... makanan buat otak!"
          },
          "DuringMovie": null,
          "AfterMovie": {
            "ResponsePoint": null,
            "Script": "",
            "Text": "Aku merasa sedikit lebih cerdas sekarang... kalau kamu?"
          }
        },
        "ID": "reaction_3"
      },
      {
        "Tag": "love",
        "Response": "like",
        "Whitelist": [],
        "SpecialResponses": {
          "BeforeMovie": {
            "ResponsePoint": null,
            "Script": "",
            "Text": "Saat pertama kali lihat poster film ini, aku merasakan sensasi positif di ujung kepalaku.$h"
          },
          "DuringMovie": null,
          "AfterMovie": {
            "ResponsePoint": null,
            "Script": "",
            "Text": "Filmnya terasa sangat spiritual... gimana menurutmu? Aku suka pokoknya!$h"
          }
        },
        "ID": "reaction_2"
      },
      {
        "Tag": "like",
        "Response": "like",
        "Whitelist": [],
        "SpecialResponses": {
          "BeforeMovie": {
            "ResponsePoint": null,
            "Script": "",
            "Text": "Aku senang nonton film bareng kamu! Aku sering keseriusan pas nonton film."
          },
          "DuringMovie": null,
          "AfterMovie": {
            "ResponsePoint": null,
            "Script": "",
            "Text": "Aku merasa lebih positif setelah nonton tadi... artinya film tadi bagus!$h"
          }
        },
        "ID": "reaction_4"
      },
      {
        "Tag": "dislike",
        "Response": "like",
        "Whitelist": [],
        "SpecialResponses": {
          "BeforeMovie": {
            "ResponsePoint": null,
            "Script": "",
            "Text": "Aku biasanya lebih memilih buat nonton film positif, jadi ini akan menarik."
          },
          "DuringMovie": {
            "ResponsePoint": null,
            "Script": "/message \"Emily berbisik ke dirinya sendiri...\"",
            "Text": "Yoba, tolong lindungi hamba dari energi gelap film ini.$7"
          },
          "AfterMovie": {
            "ResponsePoint": null,
            "Script": "",
            "Text": "Energiku habis setelah nonton film tadi...$3"
          }
        },
        "ID": "reaction_5"
      }
    ]
  },
  {
    "NPCName": "Haley",
    "Reactions": [
      {
        "Tag": "winter_movie_1",
        "Response": "like",
        "Whitelist": [],
        "SpecialResponses": {
          "BeforeMovie": {
            "ResponsePoint": null,
            "Script": "",
            "Text": "Mmm... disini hangat dan nyaman. Musim dingin itu musim favorit buat nonton film.$h"
          },
          "DuringMovie": null,
          "AfterMovie": {
            "ResponsePoint": null,
            "Script": "",
            "Text": "Tadi filmnya romantis banget."
          }
        },
        "ID": "reaction_3"
      },
      {
        "Tag": "winter_movie_0",
        "Response": "like",
        "Whitelist": [],
        "SpecialResponses": {
          "BeforeMovie": {
            "ResponsePoint": null,
            "Script": "",
            "Text": "Mmm... disini hangat dan nyaman. Musim dingin itu musim favorit buat nonton film.$h"
          },
          "DuringMovie": null,
          "AfterMovie": {
            "ResponsePoint": null,
            "Script": "",
            "Text": "Aku senang endingnya bagus!"
          }
        },
        "ID": "reaction_4"
      },
      {
        "Tag": "classic",
        "Response": "love",
        "Whitelist": [],
        "SpecialResponses": null,
        "ID": "reaction_0"
      },
      {
        "Tag": "summer_movie_1",
        "Response": "dislike",
        "Whitelist": [],
        "SpecialResponses": null,
        "ID": "reaction_1"
      },
      {
        "Tag": "summer_movie_0",
        "Response": "dislike",
        "Whitelist": [],
        "SpecialResponses": null,
        "ID": "reaction_2"
      },
      {
        "Tag": "dislike",
        "Response": "like",
        "Whitelist": [],
        "SpecialResponses": {
          "BeforeMovie": {
            "ResponsePoint": null,
            "Script": "",
            "Text": "Oh, ini salah satu film 'fantasi' itu kan?$7"
          },
          "DuringMovie": null,
          "AfterMovie": {
            "ResponsePoint": null,
            "Script": "",
            "Text": "*menguap*... Apa? Oh... filmnya tadi tentang apa?$7"
          }
        },
        "ID": "reaction_5"
      },
      {
        "Tag": "like",
        "Response": "like",
        "Whitelist": [],
        "SpecialResponses": {
          "BeforeMovie": {
            "ResponsePoint": null,
            "Script": "",
            "Text": "Semuanya ngobrolin film ini, aku jadi pengin nonton juga."
          },
          "DuringMovie": null,
          "AfterMovie": {
            "ResponsePoint": null,
            "Script": "",
            "Text": "Adegan terakhir tadi... maksudnya apa ya?"
          }
        },
        "ID": "reaction_6"
      }
    ]
  },
  {
    "NPCName": "Maru",
    "Reactions": [
      {
        "Tag": "spring_movie_1",
        "Response": "love",
        "Whitelist": [],
        "SpecialResponses": {
          "BeforeMovie": {
            "ResponsePoint": null,
            "Script": "",
            "Text": "Hei, @! Aku menantikan film ini... Semoga kita dapat ilmu banyak!$h"
          },
          "DuringMovie": {
            "ResponsePoint": null,
            "Script": "/emote Maru 32/playSound reward/message \"Maru mencatat sesuatu!\"",
            "Text": "Ah, begitu... menarik!"
          },
          "AfterMovie": {
            "ResponsePoint": null,
            "Script": "",
            "Text": "Filmnya menarik! Aku tidak tahu kalau di kota besar ada makhluk hidup sebanyak itu."
          }
        },
        "ID": "reaction_2"
      },
      {
        "Tag": "summer_movie_1",
        "Response": "love",
        "Whitelist": [],
        "SpecialResponses": {
          "BeforeMovie": {
            "ResponsePoint": null,
            "Script": "",
            "Text": "Ini film sains fiksi kan? Hal yang kusuka dari sains fiksi adalah teknologi aneh yang mereka karang."
          },
          "DuringMovie": null,
          "AfterMovie": {
            "ResponsePoint": null,
            "Script": "",
            "Text": "Wah, aku belum pernah lihat hal seperti *itu* di teleskopku... tapi bagus sih!$h"
          }
        },
        "ID": "reaction_3"
      },
      {
        "Tag": "like",
        "Response": "like",
        "Whitelist": [],
        "SpecialResponses": {
          "BeforeMovie": {
            "ResponsePoint": null,
            "Script": "",
            "Text": "Aku suka sekali ke bioskop, meskipun filmnya jelek!$h"
          },
          "DuringMovie": null,
          "AfterMovie": {
            "ResponsePoint": null,
            "Script": "",
            "Text": "Pilihan adegan akhir yang menarik. Menurutmu apa yang mereka coba sampaikan?"
          }
        },
        "ID": "reaction_4"
      }
    ]
  },
  {
    "NPCName": "Sebastian",
    "Reactions": [
      {
        "Tag": "horror",
        "Response": "love",
        "Whitelist": [],
        "SpecialResponses": null,
        "ID": "reaction_0"
      },
      {
        "Tag": "classic",
        "Response": "dislike",
        "Whitelist": [],
        "SpecialResponses": null,
        "ID": "reaction_1"
      },
      {
        "Tag": "spring_movie_0",
        "Response": "dislike",
        "Whitelist": [],
        "SpecialResponses": null,
        "ID": "reaction_2"
      },
      {
        "Tag": "love",
        "Response": "like",
        "Whitelist": [],
        "SpecialResponses": {
          "BeforeMovie": {
            "ResponsePoint": null,
            "Script": "",
            "Text": "Hei. Katanya film ini lumayan seram... Aku sudah menantikannya.$h"
          },
          "DuringMovie": {
            "ResponsePoint": null,
            "Script": "/emote Sebastian 32/message \"Sebastian menyeringai.\"",
            "Text": "Sinematografinya bagus gila."
          },
          "AfterMovie": {
            "ResponsePoint": null,
            "Script": "",
            "Text": "Film terbaik yang kutonton selama ini... Gimana cara mereka buat efek spesialnya ya?$h"
          }
        },
        "ID": "reaction_3"
      },
      {
        "Tag": "like",
        "Response": "like",
        "Whitelist": [],
        "SpecialResponses": {
          "BeforeMovie": {
            "ResponsePoint": null,
            "Script": "",
            "Text": "*mengangkat bahu*... Poster filmnya keren sih, yaudah ayo."
          },
          "DuringMovie": null,
          "AfterMovie": {
            "ResponsePoint": null,
            "Script": "",
            "Text": "Bukan film terbaik, tapi aku menikmatinya... makasih sudah ngajak aku."
          }
        },
        "ID": "reaction_4"
      },
      {
        "Tag": "dislike",
        "Response": "like",
        "Whitelist": [],
        "SpecialResponses": {
          "BeforeMovie": {
            "ResponsePoint": null,
            "Script": "",
            "Text": "Semoga nggak lama filmnya..."
          },
          "DuringMovie": null,
          "AfterMovie": {
            "ResponsePoint": null,
            "Script": "",
            "Text": "Mungkin buat target pasarnya film ini bagus, tapi buatku kurang."
          }
        },
        "ID": "reaction_5"
      }
    ]
  },
  {
    "NPCName": "Robin",
    "Reactions": [
      {
        "Tag": "action",
        "Response": "love",
        "Whitelist": [],
        "SpecialResponses": null,
        "ID": "reaction_0"
      },
      {
        "Tag": "love",
        "Response": "like",
        "Whitelist": [],
        "SpecialResponses": {
          "BeforeMovie": {
            "ResponsePoint": null,
            "Script": "",
            "Text": "Belakangan ini aku lagi jemu, jadi nonton film aksi seperti ini pas buatku."
          },
          "DuringMovie": null,
          "AfterMovie": {
            "ResponsePoint": null,
            "Script": "",
            "Text": "Aku sudah nggak jemu lagi! Luar biasa.$h"
          }
        },
        "ID": "reaction_1"
      },
      {
        "Tag": "like",
        "Response": "like",
        "Whitelist": [],
        "SpecialResponses": {
          "BeforeMovie": {
            "ResponsePoint": null,
            "Script": "",
            "Text": "Aku kurang tahu filmnya menceritakan apa, tapi bukan masalah! Aku senang bisa keluar rumah."
          },
          "DuringMovie": null,
          "AfterMovie": {
            "ResponsePoint": null,
            "Script": "",
            "Text": "Tadi itu menyenangkan, @. Makasih sudah nontong bareng."
          }
        },
        "ID": "reaction_2"
      }
    ]
  },
  {
    "NPCName": "Demetrius",
    "Reactions": [
      {
        "Tag": "winter_movie_1",
        "Response": "dislike",
        "Whitelist": [],
        "SpecialResponses": {
          "BeforeMovie": {
            "ResponsePoint": null,
            "Script": "",
            "Text": "Tamasya singkat di salju bisa meningkatkan aliran darah."
          },
          "DuringMovie": {
            "ResponsePoint": "zuzucityexpress_mind_heart",
            "Script": "/message \"Demetrius mengerutkan alisnya.\"",
            "Text": "Kekosongan hati...? Oh! Maksudmu 'meningkatnya kadar oksitosin di sistem limbik'."
          },
          "AfterMovie": {
            "ResponsePoint": null,
            "Script": "",
            "Text": "Seni layar lebar telah berkembang jauh dari dulu ya?"
          }
        },
        "ID": "reaction_0"
      },
      {
        "Tag": "summer_movie_1",
        "Response": "love",
        "Whitelist": [],
        "SpecialResponses": {
          "BeforeMovie": {
            "ResponsePoint": null,
            "Script": "",
            "Text": "Filmnya berlatar di masyarakat 'masa depan'... pasti menarik lihat filmnya seperti apa!"
          },
          "DuringMovie": null,
          "AfterMovie": {
            "ResponsePoint": null,
            "Script": "",
            "Text": "Luar biasa... aku jadi penasaran apa kehidupan di luar planet ini benar-benar ada?"
          }
        },
        "ID": "reaction_1"
      },
      {
        "Tag": "spring_movie_1",
        "Response": "love",
        "Whitelist": [],
        "SpecialResponses": {
          "BeforeMovie": {
            "ResponsePoint": null,
            "Script": "",
            "Text": "Ini film yang cocok buatku... aku pasti akan menikmatinya.$h"
          },
          "DuringMovie": {
            "ResponsePoint": null,
            "Script": "/emote Demetrius 8/message Demetrius \"Demetrius menggaruk dagunya...\"",
            "Text": "Secara teknis, itu tidak benar...$3"
          },
          "AfterMovie": {
            "ResponsePoint": null,
            "Script": "",
            "Text": "Yah, mereka menambah-nambahi beberapa hal, tapi masih banyak benarnya! Yang penting, aku menikmatinya."
          }
        },
        "ID": "reaction_2"
      },
      {
        "Tag": "winter_movie_0",
        "Response": "dislike",
        "Whitelist": [],
        "SpecialResponses": {
          "BeforeMovie": {
            "ResponsePoint": null,
            "Script": "",
            "Text": "Aku pernah baca soal film ini di koran... sepertinya tidak cocok buatku. Tapi akan kucoba."
          },
          "DuringMovie": null,
          "AfterMovie": {
            "ResponsePoint": null,
            "Script": "",
            "Text": "Tidak masuk akal! Filmnya tidak sesuai kaidah sains!$4"
          }
        },
        "ID": "reaction_4"
      },
      {
        "Tag": "like",
        "Response": "like",
        "Whitelist": [],
        "SpecialResponses": {
          "BeforeMovie": {
            "ResponsePoint": null,
            "Script": "",
            "Text": "Meskipun filmnya jelek, tapi masih menarik untuk dianalisa."
          },
          "DuringMovie": null,
          "AfterMovie": {
            "ResponsePoint": null,
            "Script": "",
            "Text": "Hmm... Aku penasaran aspek manusiawi apa yang terpuaskan akan cerita film ini?$3"
          }
        },
        "ID": "reaction_3"
      }
    ]
  },
  {
    "NPCName": "Linus",
    "Reactions": [
      {
        "Tag": "spring_movie_1",
        "Response": "dislike",
        "Whitelist": [],
        "SpecialResponses": {
          "BeforeMovie": {
            "ResponsePoint": null,
            "Script": "",
            "Text": "Aku merasa tidak pantas berada disini... Semoga tak ada yang merasa terganggu karena aku.$s"
          },
          "DuringMovie": {
            "ResponsePoint": null,
            "Script": "/emote Linus 28/message \"Linus memandangi lantai...\"",
            "Text": ""
          },
          "AfterMovie": {
            "ResponsePoint": null,
            "Script": "",
            "Text": "Kenapa memilih menatap layar kalau kau bisa mengalaminya sendiri?$s"
          }
        },
        "ID": "reaction_1"
      },
      {
        "Tag": "*",
        "Response": "dislike",
        "Whitelist": [],
        "SpecialResponses": null,
        "ID": "reaction_0"
      },
      {
        "Tag": "dislike",
        "Response": "like",
        "Whitelist": [],
        "SpecialResponses": {
          "BeforeMovie": {
            "ResponsePoint": null,
            "Script": "",
            "Text": "Aku merasa tidak pantas berada disini... Semoga tak ada yang merasa terganggu karena aku.$s"
          },
          "DuringMovie": {
            "ResponsePoint": null,
            "Script": "/emote Linus 28/message \"Linus memandangi lantai...\"",
            "Text": ""
          },
          "AfterMovie": {
            "ResponsePoint": null,
            "Script": "",
            "Text": "Aku tak terbiasa dengan dorongan seperti itu... maaf kalau kamu kecewa, @. Aku hargai ajakanmu!"
          }
        },
        "ID": "reaction_2"
      }
    ]
  },
  {
    "NPCName": "Dwarf",
    "Reactions": [
      {
        "Tag": "*",
        "Response": "love",
        "Whitelist": [],
        "SpecialResponses": null,
        "ID": "reaction_0"
      },
      {
        "Tag": "love",
        "Response": "like",
        "Whitelist": [],
        "SpecialResponses": {
          "BeforeMovie": {
            "ResponsePoint": null,
            "Script": "",
            "Text": "Oh, wow! Istana yang dibangun murni untuk hiburan!"
          },
          "DuringMovie": {
            "ResponsePoint": null,
            "Script": "/message \"Dwarf sepertinya lagi melamun...\"",
            "Text": ""
          },
          "AfterMovie": {
            "ResponsePoint": null,
            "Script": "",
            "Text": "Aku tidak mengerti sama sekali, tapi kilasan cahayanya mempesona!"
          }
        },
        "ID": "reaction_1"
      }
    ]
  },
  {
    "NPCName": "Marnie",
    "Reactions": [
      {
        "Tag": "winter_movie_0",
        "Response": "love",
        "Whitelist": [],
        "SpecialResponses": null,
        "ID": "reaction_0"
      },
      {
        "Tag": "love",
        "Response": "like",
        "Whitelist": [],
        "SpecialResponses": {
          "BeforeMovie": {
            "ResponsePoint": null,
            "Script": "",
            "Text": "Aku suka sama film ini! Kamu baik sekali sudah mengajakku, @.$h"
          },
          "DuringMovie": null,
          "AfterMovie": {
            "ResponsePoint": null,
            "Script": "",
            "Text": "Oh, aku lega keluarganya baik-baik saja di akhir. Sapinya juga!$h"
          }
        },
        "ID": "reaction_1"
      },
      {
        "Tag": "like",
        "Response": "like",
        "Whitelist": [],
        "SpecialResponses": {
          "BeforeMovie": {
            "ResponsePoint": null,
            "Script": "",
            "Text": "Aku ngikut aja kalau masalah film... Aku suka semuanya!"
          },
          "DuringMovie": null,
          "AfterMovie": {
            "ResponsePoint": null,
            "Script": "",
            "Text": "Aku menikmatinya, @! Terima kasih sudah ingat padaku."
          }
        },
        "ID": "reaction_2"
      }
    ]
  },
  {
    "NPCName": "Shane",
    "Reactions": [
      {
        "Tag": "summer_movie_0",
        "Response": "like",
        "Whitelist": [],
        "SpecialResponses": {
          "BeforeMovie": {
            "ResponsePoint": null,
            "Script": "",
            "Text": "Buh... Ya, boleh juga. *endus* *endus* ... kayaknya cemilan enak nih."
          },
          "DuringMovie": {
            "ResponsePoint": "PK_villain",
            "Script": "",
            "Text": "Aku mendukung penjahatnya... *urp*"
          },
          "AfterMovie": {
            "ResponsePoint": null,
            "Script": "",
            "Text": "Oke, aku ngaku... Filmnya ternyata bagus."
          }
        },
        "ID": "reaction_4"
      },
      {
        "Tag": "spring_movie_0",
        "Response": "dislike",
        "Whitelist": [],
        "SpecialResponses": null,
        "ID": "reaction_0"
      },
      {
        "Tag": "classic",
        "Response": "dislike",
        "Whitelist": [],
        "SpecialResponses": null,
        "ID": "reaction_1"
      },
      {
        "Tag": "summer_movie_1",
        "Response": "love",
        "Whitelist": [],
        "SpecialResponses": null,
        "ID": "reaction_2"
      },
      {
        "Tag": "fall_movie_1",
        "Response": "love",
        "Whitelist": [],
        "SpecialResponses": null,
        "ID": "reaction_3"
      },
      {
        "Tag": "love",
        "Response": "like",
        "Whitelist": [],
        "SpecialResponses": {
          "BeforeMovie": {
            "ResponsePoint": null,
            "Script": "",
            "Text": "Heh. Jujur aku tertarik mau nontn film ini..."
          },
          "DuringMovie": {
            "ResponsePoint": null,
            "Script": "/message \"Shane menahan senyumnya.\"",
            "Text": "Oke, film ini bagus...$h"
          },
          "AfterMovie": {
            "ResponsePoint": null,
            "Script": "",
            "Text": "Saat nonton film bagus, kamu bisa melupakan segala hal... Itulah berkahnya."
          }
        },
        "ID": "reaction_5"
      },
      {
        "Tag": "like",
        "Response": "like",
        "Whitelist": [],
        "SpecialResponses": {
          "BeforeMovie": {
            "ResponsePoint": null,
            "Script": "",
            "Text": "Buh... Ya, boleh juga. *endus* *endus* ... kayaknya cemilan enak nih."
          },
          "DuringMovie": null,
          "AfterMovie": {
            "ResponsePoint": null,
            "Script": "",
            "Text": "Oke, aku ngaku... Filmnya ternyata bagus."
          }
        },
        "ID": "reaction_6"
      },
      {
        "Tag": "dislike",
        "Response": "like",
        "Whitelist": [],
        "SpecialResponses": {
          "BeforeMovie": {
            "ResponsePoint": null,
            "Script": "",
            "Text": "Ugh... ini akan menyiksa."
          },
          "DuringMovie": {
            "ResponsePoint": null,
            "Script": "/emote Shane 28/message \"Shane ketiduran...\"",
            "Text": ""
          },
          "AfterMovie": {
            "ResponsePoint": null,
            "Script": "",
            "Text": "Aku merasa muram...$s"
          }
        },
        "ID": "reaction_7"
      }
    ]
  },
  {
    "NPCName": "Jas",
    "Reactions": [
      {
        "Tag": "horror",
        "Response": "dislike",
        "Whitelist": [],
        "SpecialResponses": null,
        "ID": "reaction_0"
      },
      {
        "Tag": "classic",
        "Response": "like",
        "Whitelist": [],
        "SpecialResponses": null,
        "ID": "reaction_1"
      },
      {
        "Tag": "*",
        "Response": "love",
        "Whitelist": [],
        "SpecialResponses": null,
        "ID": "reaction_2"
      },
      {
        "Tag": "love",
        "Response": "like",
        "Whitelist": [],
        "SpecialResponses": {
          "BeforeMovie": {
            "ResponsePoint": null,
            "Script": "",
            "Text": "Aku senang sekali mau nonton film!"
          },
          "DuringMovie": {
            "ResponsePoint": null,
            "Script": "/jump Jas/pause 400/playSound reward/message \"Jas gembira bukan main!\"",
            "Text": ""
          },
          "AfterMovie": {
            "ResponsePoint": null,
            "Script": "",
            "Text": "Tadi menyenangkan sekali! Terima kasih sudah mengajakku!$h"
          }
        },
        "ID": "reaction_3"
      },
      {
        "Tag": "like",
        "Response": "like",
        "Whitelist": [],
        "SpecialResponses": {
          "BeforeMovie": {
            "ResponsePoint": null,
            "Script": "",
            "Text": "Ini film untuk orang dewasa kan? Aku akan baik-baik saja!"
          },
          "DuringMovie": {
            "ResponsePoint": null,
            "Script": "/message \"Jas cuma mengangguk dan sesekali menengok ke samping.\"",
            "Text": ""
          },
          "AfterMovie": {
            "ResponsePoint": null,
            "Script": "",
            "Text": "Menurutku bagus! Um... di-a-log nya bagus! ... iya kan?"
          }
        },
        "ID": "reaction_4"
      },
      {
        "Tag": "horror",
        "Response": "like",
        "Whitelist": [],
        "SpecialResponses": {
          "BeforeMovie": {
            "ResponsePoint": null,
            "Script": "",
            "Text": "A... Aku tidak tahu boleh nonton ini atau tidak...$s"
          },
          "DuringMovie": {
            "ResponsePoint": null,
            "Script": "/shake Jas 250/pause 500/shake Jas 250/pause 500/emote Jas 28/message \"Jas gemetaran.\"",
            "Text": "Aku takut...$s"
          },
          "AfterMovie": {
            "ResponsePoint": null,
            "Script": "",
            "Text": "*hiks*...$s"
          }
        },
        "ID": "reaction_5"
      }
    ]
  },
  {
    "NPCName": "Leah",
    "Reactions": [
      {
        "Tag": "spring_movie_1",
        "Response": "like",
        "Whitelist": [],
        "SpecialResponses": {
          "BeforeMovie": {
            "ResponsePoint": null,
            "Script": "",
            "Text": "Katanya ada adegan berisi keindahan alam di film ini... aku sangat menantikannya!$h"
          },
          "DuringMovie": null,
          "AfterMovie": {
            "ResponsePoint": null,
            "Script": "",
            "Text": "Luar biasa. Aku yakin melihat kabinku saat adegan Stardew Valley diputar!$h"
          }
        },
        "ID": "reaction_4"
      },
      {
        "Tag": "art",
        "Response": "love",
        "Whitelist": [],
        "SpecialResponses": null,
        "ID": "reaction_0"
      },
      {
        "Tag": "classic",
        "Response": "like",
        "Whitelist": [],
        "SpecialResponses": null,
        "ID": "reaction_1"
      },
      {
        "Tag": "family",
        "Response": "like",
        "Whitelist": [],
        "SpecialResponses": null,
        "ID": "reaction_2"
      },
      {
        "Tag": "*",
        "Response": "dislike",
        "Whitelist": [],
        "SpecialResponses": null,
        "ID": "reaction_3"
      },
      {
        "Tag": "love",
        "Response": "like",
        "Whitelist": [],
        "SpecialResponses": {
          "BeforeMovie": {
            "ResponsePoint": null,
            "Script": "",
            "Text": "Aku penasaran sama film ini... Aku suka sama hal-hal misterius."
          },
          "DuringMovie": null,
          "AfterMovie": {
            "ResponsePoint": null,
            "Script": "",
            "Text": "Luar biasa! Alur ceritanya sangat longgar, tapi kurasa memang disengaja untuk menyampaikan pada yang peka emosinya, bukan akalnya."
          }
        },
        "ID": "reaction_5"
      },
      {
        "Tag": "like",
        "Response": "like",
        "Whitelist": [],
        "SpecialResponses": {
          "BeforeMovie": {
            "ResponsePoint": null,
            "Script": "",
            "Text": "Aku tidak tahu harus berharap apa pada film ini, tapi akan tetap kucoba!"
          },
          "DuringMovie": null,
          "AfterMovie": {
            "ResponsePoint": null,
            "Script": "",
            "Text": "Sederhana, tapi bisa dinikmati... Seperti makanan bioskop."
          }
        },
        "ID": "reaction_6"
      },
      {
        "Tag": "dislike",
        "Response": "like",
        "Whitelist": [],
        "SpecialResponses": {
          "BeforeMovie": {
            "ResponsePoint": null,
            "Script": "",
            "Text": "Dari posternya, kayaknya film ini agak jelek."
          },
          "DuringMovie": null,
          "AfterMovie": {
            "ResponsePoint": null,
            "Script": "",
            "Text": "Nggak bermakna ya filmnya?"
          }
        },
        "ID": "reaction_7"
      }
    ]
  },
  {
    "NPCName": "Sandy",
    "Reactions": [
      {
        "Tag": "*",
        "Response": "love",
        "Whitelist": [],
        "SpecialResponses": null,
        "ID": "reaction_0"
      },
      {
        "Tag": "love",
        "Response": "like",
        "Whitelist": [],
        "SpecialResponses": {
          "BeforeMovie": {
            "ResponsePoint": null,
            "Script": "",
            "Text": "Aku senang punya alasan ke Pelican Town!"
          },
          "DuringMovie": null,
          "AfterMovie": {
            "ResponsePoint": null,
            "Script": "",
            "Text": "Filmnya menyenangkan, terima kasih sudah ngajak aku! Aku mau pamit sekalian..."
          }
        },
        "ID": "reaction_1"
      }
    ]
  },
  {
    "NPCName": "Elliott",
    "Reactions": [
      {
        "Tag": "art",
        "Response": "love",
        "Whitelist": [],
        "SpecialResponses": null,
        "ID": "reaction_0"
      },
      {
        "Tag": "fall_movie_1",
        "Response": "dislike",
        "Whitelist": [],
        "SpecialResponses": null,
        "ID": "reaction_1"
      },
      {
        "Tag": "summer_movie_0",
        "Response": "dislike",
        "Whitelist": [],
        "SpecialResponses": null,
        "ID": "reaction_2"
      },
      {
        "Tag": "love",
        "Response": "like",
        "Whitelist": [],
        "SpecialResponses": {
          "BeforeMovie": {
            "ResponsePoint": null,
            "Script": "",
            "Text": "Aku ramal malam ini akan jadi malam yang indah!"
          },
          "DuringMovie": null,
          "AfterMovie": {
            "ResponsePoint": null,
            "Script": "",
            "Text": "Rohaniku terasa seperti terisi ulang... ibarat energi dari film merasuk ke dalam tubuhku. Luar biasa!"
          }
        },
        "ID": "reaction_3"
      },
      {
        "Tag": "like",
        "Response": "like",
        "Whitelist": [],
        "SpecialResponses": {
          "BeforeMovie": {
            "ResponsePoint": null,
            "Script": "",
            "Text": "Aku menghindari berbagai info soal film ini... Aku lebih suka langsung nonton!"
          },
          "DuringMovie": null,
          "AfterMovie": {
            "ResponsePoint": null,
            "Script": "",
            "Text": "Sangat menarik... Dalam waktu dekat ini akan kurenungkan."
          }
        },
        "ID": "reaction_4"
      },
      {
        "Tag": "dislike",
        "Response": "like",
        "Whitelist": [],
        "SpecialResponses": {
          "BeforeMovie": {
            "ResponsePoint": null,
            "Script": "",
            "Text": "Kalau dibilang menantikan film ini, tidak juga sih...$s"
          },
          "DuringMovie": null,
          "AfterMovie": {
            "ResponsePoint": null,
            "Script": "",
            "Text": "Filmunya biasa banget. kalau menurutmu?"
          }
        },
        "ID": "reaction_5"
      }
    ]
  },
  {
    "NPCName": "Willy",
    "Reactions": [
      {
        "Tag": "like",
        "Response": "like",
        "Whitelist": [],
        "SpecialResponses": {
          "BeforeMovie": {
            "ResponsePoint": null,
            "Script": "",
            "Text": "Hehe... Aku takkan menolak film gratis!"
          },
          "DuringMovie": null,
          "AfterMovie": {
            "ResponsePoint": null,
            "Script": "",
            "Text": "Ah, aku jadi ingat sama kisah yang sering diceritakan Ayahku..."
          }
        },
        "ID": "reaction_0"
      }
    ]
  },
  {
    "NPCName": "Leo",
    "Reactions": [
      {
        "Tag": "documentary",
        "Response": "love",
        "Whitelist": [],
        "SpecialResponses": null,
        "ID": "reaction_1"
      },
      {
        "Tag": "*",
        "Response": "like",
        "Whitelist": [],
        "SpecialResponses": null,
        "ID": "reaction_2"
      },
      {
        "Tag": "love",
        "Response": "like",
        "Whitelist": [],
        "SpecialResponses": {
          "BeforeMovie": {
            "ResponsePoint": null,
            "Script": "",
            "Text": "Aku tak sabar untuk nonton ini... Aku iingin belajar semuanya tentang dunia!"
          },
          "DuringMovie": {
            "ResponsePoint": null,
            "Script": "/jump Leo/pause 400/playSound reward/message \"Pandangan Leo terpaku pada layar!\"",
            "Text": ""
          },
          "AfterMovie": {
            "ResponsePoint": null,
            "Script": "",
            "Text": "Kau lihat itu? Mereka menampilkan kepulauan Fern... aku berasal dari sana!$h"
          }
        },
        "ID": "reaction_3"
      },
      {
        "Tag": "like",
        "Response": "like",
        "Whitelist": [],
        "SpecialResponses": {
          "BeforeMovie": {
            "ResponsePoint": null,
            "Script": "",
            "Text": "Aku senang bisa disini. Semua ini sterasa sangat menarik!"
          },
          "DuringMovie": {
            "ResponsePoint": null,
            "Script": "/pause 500/emote Leo 32/message \"Leo sepertinya sangat tertarik dengan film ini.\"",
            "Text": ""
          },
          "AfterMovie": {
            "ResponsePoint": null,
            "Script": "",
            "Text": "Wow... rasanya seperti sihir!"
          }
        },
        "ID": "reaction_4"
      }
    ]
  }
]