{ 
  "Format": "1.24.0",
  "Changes": [
    {
      "LogName": "Pengaturan Penambahan Bahasa",
      "Action": "EditData",
      "Target": "Data/AdditionalLanguages",
      "Entries": {
        "DragonRegure.IndonesianLanguageMod": {
          "ID": "Dragonregure.IndonesianLanguageMod",
          "LanguageCode": "id",
          "ButtonTexture": "Mods/Dragonregure.IndonesianLanguageMod/Button",
          "TimeFormat": "[HOURS_24_00]:[MINUTES]",
          "ClockTimeFormat": "[HOURS_24_00]:[MINUTES]",
          "ClockDateFormat": "[DAY_OF_WEEK]. [DAY_OF_MONTH]",
          "NumberComma": ".",
          "UseLatinFont": true
        }
      }
    },
    {
      "LogName": "Menambah Tombol Bahasa",
      "Action": "Load",
      "Target": "Mods/Dragonregure.IndonesianLanguageMod/Button",
      "FromFile": "assets/ButtonBahasaBaru.png"
    },
    {
      "LogName": "Memuat Dialog NPC",
      "Action": "Load",
      "Target": "Characters/Dialogue/Abigail, Characters/Dialogue/Alex, Characters/Dialogue/Caroline, Characters/Dialogue/Clint, Characters/Dialogue/Demetrius, Characters/Dialogue/Dwarf, Characters/Dialogue/Elliott, Characters/Dialogue/Emily, Characters/Dialogue/Evelyn, Characters/Dialogue/George, Characters/Dialogue/Gil, Characters/Dialogue/Gus, Characters/Dialogue/Haley, Characters/Dialogue/Harvey, Characters/Dialogue/Jas, Characters/Dialogue/Jodi, Characters/Dialogue/Kent, Characters/Dialogue/Krobus, Characters/Dialogue/Leah, Characters/Dialogue/Leo, Characters/Dialogue/LeoMainland, Characters/Dialogue/Lewis, Characters/Dialogue/Linus, Characters/Dialogue/Marnie, Characters/Dialogue/MarriageDialogue, Characters/Dialogue/MarriageDialogueAbigail, Characters/Dialogue/MarriageDialogueAlex, Characters/Dialogue/MarriageDialogueElliott, Characters/Dialogue/MarriageDialogueEmily, Characters/Dialogue/MarriageDialogueHaley, Characters/Dialogue/MarriageDialogueHarvey, Characters/Dialogue/MarriageDialogueKrobus, Characters/Dialogue/MarriageDialogueLeah, Characters/Dialogue/MarriageDialogueMaru, Characters/Dialogue/MarriageDialoguePenny, Characters/Dialogue/MarriageDialogueSam, Characters/Dialogue/MarriageDialogueSebastian, Characters/Dialogue/MarriageDialogueShane, Characters/Dialogue/Maru, Characters/Dialogue/Mister Qi, Characters/Dialogue/Pam, Characters/Dialogue/Penny, Characters/Dialogue/Pierre, Characters/Dialogue/rainy, Characters/Dialogue/Robin, Characters/Dialogue/Sam, Characters/Dialogue/Sandy, Characters/Dialogue/Sebastian, Characters/Dialogue/Shane, Characters/Dialogue/Vincent, Characters/Dialogue/Willy, Characters/Dialogue/Wizard",
      "FromFile": "assets/{{Target}}.xnb",
      "When": {"Language": "id"}
    },
    {
      "LogName":"Memuat Data Event",
      "Action": "Load",
      "Target": "Data/Events/AbandonedJojaMart, Data/Events/AnimalShop, Data/Events/ArchaeologyHouse, Data/Events/Backwoods, Data/Events/BathHouse_Pool, Data/Events/Beach, Data/Events/BoatTunnel, Data/Events/BusStop, Data/Events/CommunityCenter, Data/Events/ElliottHouse, Data/Events/Farm, Data/Events/FarmHouse, Data/Events/FishShop, Data/Events/Forest, Data/Events/HaleyHouse, Data/Events/HarveyRoom, Data/Events/Hospital, Data/Events/IslandHut, Data/Events/IslandNorth, Data/Events/IslandSouth, Data/Events/IslandWest, Data/Events/JoshHouse, Data/Events/LeahHouse, Data/Events/ManorHouse, Data/Events/Mine, Data/Events/Mountain, Data/Events/QiNutRoom, Data/Events/Railroad, Data/Events/Saloon, Data/Events/SamHouse, Data/Events/SandyHouse, Data/Events/ScienceHouse, Data/Events/SebastianRoom, Data/Events/SeedShop, Data/Events/Sewer, Data/Events/Sunroom, Data/Events/Temp, Data/Events/Town, Data/Events/Trailer, Data/Events/Trailer_Big, Data/Events/WizardHouse, Data/Events/Woods",
      "FromFile": "assets/{{Target}}.xnb",
      "When": { "Language":"id" }
    },
    {
      "LogName":"Memuat Data Festival",
      "Action": "Load",
      "Target": "Data/Festivals/fall16, Data/Festivals/fall27, Data/Festivals/FestivalDates, Data/Festivals/spring13, Data/Festivals/Spring24,  Data/Festivals/summer11, Data/Festivals/summer28, Data/Festivals/winter8, Data/Festivals/Winter25",
      "FromFile": "assets/{{Target}}.xnb",
      "When": { "Language":"id" }
    },
    {
      "LogName":"Memuat Data Televisi",
      "Action": "Load",
      "Target": "Data/TV/CookingChannel, Data/TV/InterviewShow, Data/TV/TipChannel",
      "FromFile": "assets/{{Target}}.xnb",
      "When": { "Language":"id" }
    },
    {
      "LogName":"Memuat Data Lain-Lain",
      "Action": "Load",
      "Target": "Data/Achievements, Data/BigCraftablesInformation, Data/Blueprints, Data/Boots, Data/ClothingInformation, Data/CookingRecipes, Data/CraftingRecipes, Data/EngagementDialogue, Data/ExtraDialogue, Data/FarmAnimals, Data/Fish, Data/Furniture, Data/hats, Data/mail, Data/Monsters, Data/NPCDispositions, Data/NPCGiftTastes, Data/ObjectInformation, Data/Quests, Data/SecretNotes, Data/weapons",
      "FromFile": "assets/{{Target}}.xnb",
      "When": { "Language":"id" }
    },
    {
      "LogName":"Memuat Data Khusus Json",
      "Action": "Load",
      "Target": "Data/Concessions, Data/Movies, Data/MoviesReactions, Strings/credits",
      "FromFile": "assets/{{Target}}.json",
      "When": { "Language":"id" }
    },    {
      "LogName": "Memuat String Pada Folder schedules",
      "Action": "Load",
      "Target": "Strings/schedules/Abigail, Strings/schedules/Alex, Strings/schedules/Caroline, Strings/schedules/Clint, Strings/schedules/Demetrius, Strings/schedules/Elliott, Strings/schedules/Emily, Strings/schedules/Evelyn, Strings/schedules/George, Strings/schedules/Gus, Strings/schedules/Haley, Strings/schedules/Harvey, Strings/schedules/Jas, Strings/schedules/Jodi, Strings/schedules/Leah, Strings/schedules/Leo, Strings/schedules/Lewis, Strings/schedules/Linus, Strings/schedules/Marnie, Strings/schedules/Maru, Strings/schedules/Pam, Strings/schedules/Penny, Strings/schedules/Pierre, Strings/schedules/Robin, Strings/schedules/Sam, Strings/schedules/Sandy, Strings/schedules/Sebastian, Strings/schedules/Shane, Strings/schedules/Vincent, Strings/schedules/Willy",
      "FromFile": "assets/{{Target}}.xnb",
      "When": { "Language": "id"}
    },
    {
      "LogName": "Memuat Strings Lain-Lain",
      "Action": "Load",
      "Target": "Strings/animationDescriptions, Strings/Buildings, Strings/BundleNames, Strings/Characters, Strings/EnchantmentNames, Strings/Events, Strings/FarmAnimals, Strings/Lexicon, Strings/Locations, Strings/Notes, Strings/NPCNames, Strings/Objects, Strings/Quests, Strings/SpecialOrderStrings, Strings/SpeechBubbles, Strings/StringsFromCSFiles, Strings/StringsFromMaps, Strings/UI",
      "FromFile": "assets/{{Target}}.xnb",
      "When": { "Language": "id"}
    },
    {
      "LogName": "Memuat Data Bundles Setelah Event Junimo",
      "Action": "Load",
      "Target": "Data/Bundles",
      "FromFile": "assets/{{Target}}.xnb",
      "When": {
          "Language": "id",
          "HasFlag": "canReadJunimoText"
      }
    },
    {
      "LogName": "Memuat Map Billboard",
      "Action": "EditImage",
      "Target": "LooseSprites/Billboard",
      "FromFile": "assets/{{Target}}.png",
      "FromArea": {
        "X": 0,
        "Y": 0,
        "Width": 338,
        "Height": 424
      },
      "ToArea": {
        "X": 0,
        "Y": 0,
        "Width": 338,
        "Height": 424
      },
      "PatchMode": "Overlay",
      "When": {"Language": "id"}
    },
    {
      "LogName": "Memuat Map Kontroler",
      "Action": "EditImage",
      "Target": "LooseSprites/ControllerMaps",
      "FromFile": "assets/{{Target}}.png",
      "FromArea": {
        "X": 0,
        "Y": 0,
        "Width": 841,
        "Height": 1152
      },
      "ToArea": {
        "X": 0,
        "Y": 0,
        "Width": 841,
        "Height": 1152
      },
      "PatchMode": "Overlay",
      "When": {"Language": "id"}
    },
    {
      "LogName": "Mengganti TileSheet CraneGame ke versi Internasional",
      "Action": "Load",
      "Target": "LooseSprites/CraneGame",
      "FromFile": "assets/{{Target}}_international.png",
      "When": {"Language": "id"}
    },
    // //masukin gambar terjemahan
    // {
    //   "Action": "EditImage",
    //   "Target": "LooseSprites/Cursors",
    //   "FromFile": "assets/{{Target}}.png",
    //   "FromArea": {
    //     "X": 26,
    //     "Y": 1364,
    //     "Width": 63,
    //     "Height": 26
    //   }, //Joja SUCCESS flag
    //   "ToArea": {
    //     "X": 26,
    //     "Y": 1364,
    //     "Width": 63,
    //     "Height": 26
    //   },
    //   "PatchMode": "Overlay",
    //   "When": {"Language": "id"}
    // },
    // {
    //   "Action": "EditImage",
    //   "Target": "LooseSprites/Cursors",
    //   "FromFile": "assets/{{Target}}.png",
    //   "FromArea": {
    //     "X": 128,
    //     "Y": 1367,
    //     "Width": 110,
    //     "Height": 14
    //   }, //Bundle Complete
    //   "ToArea": {
    //     "X": 128,
    //     "Y": 1367,
    //     "Width": 110,
    //     "Height": 14
    //   },
    //   "PatchMode": "Replace",
    //   "When": {"Language": "id"}
    // },
    // {
    //   "Action": "EditImage",
    //   "Target": "LooseSprites/Cursors",
    //   "FromFile": "assets/{{Target}}.png",
    //   "FromArea": {
    //     "X": 648,
    //     "Y": 1334,
    //     "Width": 40,
    //     "Height": 61
    //   }, //Fishing Tutorial
    //   "ToArea": {
    //     "X": 648,
    //     "Y": 1334,
    //     "Width": 40,
    //     "Height": 61
    //   },
    //   "PatchMode": "Replace",
    //   "When": {"Language": "id"}
    // },
    // {
    //   "Action": "EditImage",
    //   "Target": "LooseSprites/Cursors",
    //   "FromFile": "assets/{{Target}}.png",
    //   "FromArea": {
    //     "X": 353,
    //     "Y": 1673,
    //     "Width": 78,
    //     "Height": 5
    //   }, //Prairie King Control}
    //   "ToArea": {
    //     "X": 353,
    //     "Y": 1673,
    //     "Width": 78,
    //     "Height": 5
    //   },
    //   "PatchMode": "Replace",
    //   "When": {"Language": "id"}
    // },
    // {
    //   "Action": "EditImage",
    //   "Target": "LooseSprites/Cursors",
    //   "FromFile": "assets/{{Target}}.png",
    //   "FromArea": {
    //     "X": 576,
    //     "Y": 1728,
    //     "Width": 64,
    //     "Height": 94
    //   }, //Prairie King Bubble Text
    //   "ToArea": {
    //     "X": 576,
    //     "Y": 1728,
    //     "Width": 64,
    //     "Height": 94
    //   },
    //   "PatchMode": "Overlay",
    //   "When": {"Language": "id"}
    // },
    // {
    //   "Action": "EditImage",
    //   "Target": "LooseSprites/Cursors",
    //   "FromFile": "assets/{{Target}}.png",
    //   "FromArea": {
    //     "X": 244,
    //     "Y": 1760,
    //     "Width": 21,
    //     "Height": 19
    //   }, //Prairie King The End
    //   "ToArea": {
    //     "X": 244,
    //     "Y": 1760,
    //     "Width": 21,
    //     "Height": 19
    //   },
    //   "PatchMode": "Replace",
    //   "When": {"Language": "id"}
    // },
    // {
    //   "Action": "EditImage",
    //   "Target": "LooseSprites/Cursors",
    //   "FromFile": "assets/{{Target}}.png",
    //   "FromArea": {
    //     "X": 152,
    //     "Y": 1803,
    //     "Width": 22,
    //     "Height": 7
    //   }, //Prairie King Press
    //   "ToArea": {
    //     "X": 152,
    //     "Y": 1803,
    //     "Width": 22,
    //     "Height": 7
    //   },
    //   "PatchMode": "Replace",
    //   "When": {"Language": "id"}
    // },
    // {
    //   "Action": "EditImage",
    //   "Target": "LooseSprites/Cursors",
    //   "FromFile": "assets/{{Target}}.png",
    //   "FromArea": {
    //     "X": 612,
    //     "Y": 1913,
    //     "Width": 74,
    //     "Height": 30
    //   }, //Fishing HIT!
    //   "ToArea": {
    //     "X": 612,
    //     "Y": 1913,
    //     "Width": 74,
    //     "Height": 30
    //   },
    //   "PatchMode": "Replace",
    //   "When": {"Language": "id"}
    // },
    // {
    //   "Action": "EditImage",
    //   "Target": "LooseSprites/Cursors",
    //   "FromFile": "assets/{{Target}}.png",
    //   "FromArea": {
    //     "X": 605,
    //     "Y": 1965,
    //     "Width": 22,
    //     "Height": 17
    //   }, //'Hats' on Hat Shop!
    //   "ToArea": {
    //     "X": 605,
    //     "Y": 1965,
    //     "Width": 22,
    //     "Height": 17
    //   },
    //   "PatchMode": "Replace",
    //   "When": {"Language": "id"}
    // },
    {
      "LogName": "Memuat Gambar di file Cursors",
      "Action": "Load",
      "Target": "LooseSprites/Cursors",
      "FromFile": "assets/{{Target}}.png",
      "When":{ "Language":"id" }
    },
    {
      "LogName": "Memuat Form Proyek Joja",
      "Action": "EditImage",
      "Target": "LooseSprites/JojaCDForm",
      "FromFile": "assets/{{Target}}.png",
      "FromArea": {
        "X": 0,
        "Y": 0,
        "Width": 320,
        "Height": 160
      },
      "ToArea": {
        "X": 0,
        "Y": 0,
        "Width": 320,
        "Height": 160
      },
      "PatchMode": "Overlay",
      "When": {"Language": "id"}
    },
    {
      "LogName": "Memuat Gambar Pada Menu Bundel",
      "Action": "EditImage",
      "Target": "LooseSprites/JunimoNote",
      "FromFile": "assets/{{Target}}.png",
      "FromArea": {
        "X": 519,
        "Y": 288,
        "Width": 61,
        "Height": 14
      },
      "ToArea": {
        "X": 519,
        "Y": 288,
        "Width": 61,
        "Height": 14
      },
      "PatchMode": "Replace",
      "When": {"Language": "id"}
    },
    // {
    //   "Action": "EditImage",
    //   "Target": "LooseSprites/LanguageButtons",
    //   "FromFile": "assets/{{Target}}.png",
    //   "FromArea": {
    //     "X": 0,
    //     "Y": 0,
    //     "Width": 173,
    //     "Height": 77
    //   }, //Language Buttons
    //   "ToArea": {
    //     "X": 0,
    //     "Y": 0,
    //     "Width": 173,
    //     "Height": 77
    //   },
    //   "PatchMode": "Replace",
    //   "When": {"Language": "id"}
    // },
    { //??? (masih belum tahu muncul dimana)
      "Action": "Load",
      "Target": "LooseSprites/logo",
      "FromFile": "assets/{{Target}}.png",
      "FromArea": {
        "X": 331,
        "Y": 147,
        "Width": 52,
        "Height": 39
      },
      "ToArea": {
        "X": 331,
        "Y": 147,
        "Width": 52,
        "Height": 39
      },
      "PatchMode": "Replace",
      "When": {"Language": "id"}
    },
    {
      "LogName": "Memuat logo SV pada Kredit",
      "Action": "EditImage",
      "Target": "LooseSprites/yellowLettersLogo",
      "FromFile": "assets/{{Target}}.png",
      "FromArea": {
        "X": 0,
        "Y": 0,
        "Width": 228,
        "Height": 104
      },
      "ToArea": {
        "X": 0,
        "Y": 0,
        "Width": 228,
        "Height": 104
      },
      "PatchMode": "Overlay",
      "When": {"Language": "id"}
    },
    {
      "LogName": "Memuat TileSheet Pemandian",
      "Action": "EditImage",
      "Target": "Maps/bathhouse_tiles",
      "FromFile": "assets/{{Target}}.png",
      "FromArea": {
        "X": 0,
        "Y": 0,
        "Width": 240,
        "Height": 256
      },
      "ToArea": {
        "X": 0,
        "Y": 0,
        "Width": 240,
        "Height": 256
      },
      "PatchMode": "Overlay",
      "When": {"Language": "id"}
    },
    {
      "LogName": "Memuat TileSheet Kandang Ayam Shane",
      "Action": "EditImage",
      "Target": "Maps/coopTiles",
      "FromFile": "assets/{{Target}}.png",
      "FromArea": {
        "X": 0,
        "Y": 0,
        "Width": 64,
        "Height": 336
      },
      "ToArea": {
        "X": 0,
        "Y": 0,
        "Width": 64,
        "Height": 336
      },
      "PatchMode": "Overlay",
      "When": {"Language": "id"}
    },
    {
      "LogName": "Memuat TileSheet Gurun",
      "Action": "EditImage",
      "Target": "Maps/DesertTiles",
      "FromFile": "assets/{{Target}}.png",
      "FromArea": {
        "X": 0,
        "Y": 0,
        "Width": 256,
        "Height": 368
      }, //Desert Map
      "ToArea": {
        "X": 0,
        "Y": 0,
        "Width": 256,
        "Height": 368
      },
      "PatchMode": "Overlay",
      "When": {"Language": "id"}
    },
    {
      "LogName": "Memuat TileSheet Pantai di musim Fall",
      "Action": "EditImage",
      "Target": "Maps/fall_beach",
      "FromFile": "assets/{{Target}}.png",
      "FromArea": {
        "X": 0,
        "Y": 0,
        "Width": 272,
        "Height": 496
      },
      "ToArea": {
        "X": 0,
        "Y": 0,
        "Width": 272,
        "Height": 496
      },
      "PatchMode": "Overlay",
      "When": {"Language": "id"}
    },
    {
      "LogName": "Memuat TileSheet Outdoor di musim Fall",
      "Action": "EditImage",
      "Target": "Maps/fall_outdoorsTileSheet",
      "FromFile": "assets/{{Target}}.png",
      "FromArea": {
        "X": 0,
        "Y": 0,
        "Width": 400,
        "Height": 1264
      },
      "ToArea": {
        "X": 0,
        "Y": 0,
        "Width": 400,
        "Height": 1264
      },
      "PatchMode": "Overlay",
      "When": {"Language": "id"}
    },
    {
      "LogName": "Memuat TileSheet Kota di musim Fall",
      "Action": "EditImage",
      "Target": "Maps/fall_town",
      "FromFile": "assets/{{Target}}.png",
      "FromArea": {
        "X": 0,
        "Y": 0,
        "Width": 512,
        "Height": 1152
      },
      "ToArea": {
        "X": 0,
        "Y": 0,
        "Width": 512,
        "Height": 1152
      },
      "PatchMode": "Overlay",
      "When": {"Language": "id"}
    },
    {
      "LogName": "Memuat TileSheet Festival",
      "Action": "EditImage",
      "Target": "Maps/Festivals",
      "FromFile": "assets/{{Target}}.png",
      "FromArea": {
        "X": 0,
        "Y": 0,
        "Width": 512,
        "Height": 512
      },
      "ToArea": {
        "X": 0,
        "Y": 0,
        "Width": 512,
        "Height": 512
      },
      "PatchMode": "Overlay",
      "When": {"Language": "id"}
    },
    {
      "LogName": "Ganti TileSheet Bioskop Joja ke versi Internasional",
      "Action": "EditImage",
      "Target": "Maps/MovieTheaterJoja_TileSheet",
      "FromFile": "assets/{{Target}}_international.png",
      "FromArea": {
        "X": 22,
        "Y": 130,
        "Width": 99,
        "Height": 58
      },
      "ToArea": {
        "X": 22,
        "Y": 130,
        "Width": 99,
        "Height": 58
      },
      "PatchMode": "Replace",
      "When": {"Language": "id"}
    },
    {
      "LogName": "Memuat TileSheet Pantai di musim Spring",
      "Action": "EditImage",
      "Target": "Maps/spring_beach",
      "FromFile": "assets/{{Target}}.png",
      "FromArea": {
        "X": 0,
        "Y": 0,
        "Width": 272,
        "Height": 496
      },
      "ToArea": {
        "X": 0,
        "Y": 0,
        "Width": 272,
        "Height": 496
      },
      "PatchMode": "Overlay",
      "When": {"Language": "id"}
    },
    {
      "LogName": "Memuat TileSheet Outdoor di musim Spring",
      "Action": "EditImage",
      "Target": "Maps/spring_outdoorsTileSheet",
      "FromFile": "assets/{{Target}}.png",
      "FromArea": {
        "X": 0,
        "Y": 0,
        "Width": 400,
        "Height": 1264
      },
      "ToArea": {
        "X": 0,
        "Y": 0,
        "Width": 400,
        "Height": 1264
      },
      "PatchMode": "Overlay",
      "When": {"Language": "id"}
    },
    {
      "LogName": "Memuat TileSheet Kota pada musim Spring",
      "Action": "EditImage",
      "Target": "Maps/spring_town",
      "FromFile": "assets/{{Target}}.png",
      "FromArea": {
        "X": 0,
        "Y": 0,
        "Width": 512,
        "Height": 1152
      },
      "ToArea": {
        "X": 0,
        "Y": 0,
        "Width": 512,
        "Height": 1152
      },
      "PatchMode": "Overlay",
      "When": {"Language": "id"}
    },
    {
      "LogName": "Memuat TileSheet Objek",
      "Action": "EditImage",
      "Target": "Maps/springobjects",
      "FromFile": "assets/{{Target}}.png",
      "FromArea": {
        "X": 0,
        "Y": 0,
        "Width": 384,
        "Height": 624
      },
      "ToArea": {
        "X": 0,
        "Y": 0,
        "Width": 384,
        "Height": 624
      },
      "PatchMode": "Overlay",
      "When": {"Language": "id"}
    },
    {
      "LogName": "Memuat TileSheet Pantai di musim Summer",
      "Action": "EditImage",
       //pakai asset spring beach karena warnanya sama
      "Target": "Maps/summer_beach",
      "FromFile": "assets/{{Target}}.png",
      "FromArea": {
        "X": 0,
        "Y": 0,
        "Width": 272,
        "Height": 496
      },
      "ToArea": {
        "X": 0,
        "Y": 0,
        "Width": 272,
        "Height": 496
      },
      "PatchMode": "Overlay",
      "When": {"Language": "id"}
    },
    {
      "LogName": "Memuat TileSheet Outdoor di musim Summer",
      "Action": "EditImage",
      "Target": "Maps/summer_outdoorsTileSheet",
      "FromFile": "assets/{{Target}}.png",
      "FromArea": {
        "X": 0,
        "Y": 0,
        "Width": 400,
        "Height": 1264
      },
      "ToArea": {
        "X": 0,
        "Y": 0,
        "Width": 400,
        "Height": 1264
      },
      "PatchMode": "Overlay",
      "When": {"Language": "id"}
    },
    {
      "LogName": "Memuat TileSheet Kota di musim Summer",
      "Action": "EditImage",
      "Target": "Maps/summer_town",
      "FromFile": "assets/{{Target}}.png",
      "FromArea": {
        "X": 0,
        "Y": 0,
        "Width": 512,
        "Height": 1152
      },
      "ToArea": {
        "X": 0,
        "Y": 0,
        "Width": 512,
        "Height": 1152
      },
      "PatchMode": "Overlay",
      "When": {"Language": "id"}
    },
    {
      "LogName": "Memuat TileSheet Interior Warga Kota",
      "Action": "EditImage",
      "Target": "Maps/townInterior",
      "FromFile": "assets/{{Target}}.png",
      "FromArea": {
        "X": 0,
        "Y": 0,
        "Width": 512,
        "Height": 1088
      },
      "ToArea": {
        "X": 0,
        "Y": 0,
        "Width": 512,
        "Height": 1088
      },
      "PatchMode": "Overlay",
      "When": {"Language": "id"}
    },
    {
      "LogName": "Memuat TileSheet Pantai di musim Winter",
      "Action": "EditImage",
      //pakai asset spring beach karena warnanya sama
      "Target": "Maps/winter_beach",
      "FromFile": "assets/{{Target}}.png",
      "FromArea": {
        "X": 0,
        "Y": 0,
        "Width": 272,
        "Height": 496
      }, 
      "ToArea": {
        "X": 0,
        "Y": 0,
        "Width": 272,
        "Height": 496
      },
      "PatchMode": "Overlay",
      "When": {"Language": "id"}
    },
    {
      "LogName": "Memuat TileSheet Outdoor di musim Winter",
      "Action": "EditImage",
      "Target": "Maps/winter_outdoorsTileSheet",
      "FromFile": "assets/{{Target}}.png",
      "FromArea": {
        "X": 0,
        "Y": 0,
        "Width": 400,
        "Height": 1264
      },
      "ToArea": {
        "X": 0,
        "Y": 0,
        "Width": 400,
        "Height": 1264
      },
      "PatchMode": "Overlay",
      "When": {"Language": "id"}
    },
    {
      "LogName": "Memuat TileSheet Kota di musim Winter",
      "Action": "EditImage",
      "Target": "Maps/winter_town",
      "FromFile": "assets/{{Target}}.png",
      "FromArea": {
        "X": 0,
        "Y": 0,
        "Width": 512,
        "Height": 1152
      },
      "ToArea": {
        "X": 0,
        "Y": 0,
        "Width": 512,
        "Height": 1152
      },
      "PatchMode": "Overlay",
      "When": {"Language": "id"}
    },
    {
      "LogName": "Memuat Event Player Saat Masih Bekerja di Joja",
      "Action": "EditImage",
      "Target": "Minigames/jojacorps",
      "FromFile": "assets/{{Target}}.png",
      "FromArea": {
        "X": 0,
        "Y": 0,
        "Width": 1200,
        "Height": 800
      },
      "ToArea": {
        "X": 0,
        "Y": 0,
        "Width": 1200,
        "Height": 800
      },
      "PatchMode": "Overlay",
      "When": {"Language": "id"}
    },
    {
      "LogName": "Memuat Event Player Saat Pindah ke SV",
      "Action": "EditImage",
      "Target": "Minigames/Intro",
      "FromFile": "assets/{{Target}}.png",
      "FromArea": {
        "X": 0,
        "Y": 0,
        "Width": 240,
        "Height": 357
      },
      "ToArea": {
        "X": 0,
        "Y": 0,
        "Width": 240,
        "Height": 357
      },
      "PatchMode": "Overlay",
      "When": {"Language": "id"}
    },
    {
      "LogName": "Memuat Tampilan Menu Utama",
      "Action": "EditImage",
      "Target": "Minigames/TitleButtons",
      "FromFile": "assets/{{Target}}.png",
      "FromArea": {
        "X": 0,
        "Y": 0,
        "Width": 400,
        "Height": 655
      },
      "ToArea": {
        "X": 0,
        "Y": 0,
        "Width": 400,
        "Height": 655
      },
      "PatchMode": "Overlay",
      "When": {"Language": "id"}
    },
  ]
}